,CCS,molwt,ABCIndex_ABC,AcidicGroupCount_nAcid,AdjacencyMatrix_SpAbs_A,AdjacencyMatrix_SpMax_A,AdjacencyMatrix_SpAD_A,AdjacencyMatrix_VE1_A,AdjacencyMatrix_VE2_A,AdjacencyMatrix_VE3_A,AdjacencyMatrix_VR1_A,AdjacencyMatrix_VR2_A,AdjacencyMatrix_VR3_A,AtomCount_nAtom,AtomCount_nSpiro,AtomCount_nHetero,AtomCount_nH,AtomCount_nO,ATS_ATS2dv,ATS_ATS3dv,ATS_ATS6d,ATS_ATS7d,ATS_ATS8d,ATS_ATS0s,ATS_ATS3s,ATS_ATS4s,ATS_ATS0p,ATS_ATS1p,ATS_ATS8p,ATS_ATS0i,ATS_ATS2i,ATS_ATS3i,AATS_AATS0dv,AATS_AATS1dv,AATS_AATS2dv,AATS_AATS6dv,AATS_AATS8dv,AATS_AATS0d,AATS_AATS2d,AATS_AATS6d,AATS_AATS0s,AATS_AATS1s,AATS_AATS3s,AATS_AATS8s,AATS_AATS2Z,AATS_AATS6Z,AATS_AATS2m,AATS_AATS6m,AATS_AATS2v,AATS_AATS3v,AATS_AATS6v,AATS_AATS0se,AATS_AATS1se,AATS_AATS3se,AATS_AATS7se,AATS_AATS7pe,AATS_AATS7are,AATS_AATS3p,AATS_AATS1i,AATS_AATS3i,ATSC_ATSC4c,ATSC_ATSC8c,ATSC_ATSC2dv,ATSC_ATSC7dv,ATSC_ATSC8d,ATSC_ATSC6s,ATSC_ATSC8s,ATSC_ATSC1Z,ATSC_ATSC3Z,ATSC_ATSC4Z,ATSC_ATSC7Z,ATSC_ATSC3m,ATSC_ATSC7m,ATSC_ATSC4v,ATSC_ATSC7v,ATSC_ATSC6se,ATSC_ATSC8pe,ATSC_ATSC4p,ATSC_ATSC4i,ATSC_ATSC8i,AATSC_AATSC4c,AATSC_AATSC6c,AATSC_AATSC2dv,AATSC_AATSC6s,AATSC_AATSC3Z,AATSC_AATSC3m,AATSC_AATSC3v,AATSC_AATSC8pe,AATSC_AATSC1p,AATSC_AATSC1i,AATSC_AATSC8i,MATS_MATS6c,MATS_MATS8c,MATS_MATS3dv,MATS_MATS4dv,MATS_MATS3s,MATS_MATS4s,MATS_MATS6s,MATS_MATS7s,MATS_MATS3v,MATS_MATS6se,MATS_MATS7se,MATS_MATS8pe,MATS_MATS1p,MATS_MATS8i,GATS_GATS7c,GATS_GATS4dv,GATS_GATS4s,GATS_GATS7pe,GATS_GATS7are,BalabanJ_BalabanJ,CarbonTypes_C2SP2,CarbonTypes_C3SP2,CarbonTypes_C2SP3,CarbonTypes_C3SP3,AtomTypeEState_NssCH2,AtomTypeEState_NdsCH,AtomTypeEState_SdsCH,LogS_FilterItLogS,SMR_VSA_SMR_VSA6,EState_VSA_EState_VSA4,EState_VSA_EState_VSA5,EState_VSA_EState_VSA8,MolecularId_MID_N,TopologicalCharge_JGI8
LMST01010014_14-15,221.549,432.713,25.05632113,0,39.44794953,2.805064492,39.44794953,4.106802363,0.132477496,2.544046823,3443.114651,111.0682145,9.275533874,81,1,3,50,2,397,461,751,603,530,190.9652778,512.1666667,640.1875,102.8162532,145.9962708,261.9044923,13378.26721,26391.39872,42648.97602,2.888888889,3.141176471,2.294797688,0.660526316,0.663003663,2.913580247,3.601156069,1.976315789,2.357596022,2.052369281,1.869221411,1.594322344,15.15606936,7.194736842,53.94348779,22.47453541,193.7738325,167.1290003,105.3252778,7.209416247,7.462885976,7.292216745,7.124391007,5.517384354,5.444962585,1.317714334,145.4854323,155.6531972,-0.202462502,0.064723748,27.79286694,-9.226337449,-13.04526749,-2.30180655,5.948810522,32.76787075,-29.7712239,-235.2694711,-119.5244627,-159.0674223,-576.6133616,-2045.564213,-961.004444,-0.051105975,1.277991129,-8.964712126,-39.71561869,3.960315204,-0.00055017,0.0001684,0.16065241,-0.006057386,-0.108654102,-0.580538038,-2.651013577,0.004681286,0.02070046,0.067946269,0.014506649,0.016947424,0.023859588,-0.034788934,-0.112074339,0.101681885,-0.004019849,-0.009429915,-0.030389211,-0.052520478,-0.004079075,-0.028238032,0.074559132,0.092286672,0.011452662,0.871701055,1.15270599,0.879927026,0.890393219,0.859535505,1.370663581,0,0,13,7,10,0,0.0,-5.372393948,7.047671983,48.34907952,56.26648271,41.66635798,2.141685897,0.015973224
LMST01010103_7-8,243.091,604.761,34.38657538,0,51.33628213,2.748818674,51.33628213,5.189614513,0.12068871,3.105274442,707.4812133,16.45305147,8.020326098,93,0,10,50,9,802,1017,1037,876,799,490.9861111,866.0902778,1187.020833,121.2631812,166.7090382,368.4741935,15310.39799,28712.21034,43642.54803,6.086021505,5.536082474,4.265957447,1.968487395,1.918079096,3.311827957,4.079787234,2.178571429,5.27942055,2.831686712,3.028287685,2.711138575,19.25,11.00630252,71.58252193,37.18377653,214.4169713,200.6475029,124.4868054,7.689540946,7.726654804,7.74327979,7.672502602,6.064322622,6.022280206,1.443492732,146.0238067,152.5963218,0.070096777,0.52685288,47.82263846,-75.72262689,-13.70343392,31.7520089,28.11847468,11.96878252,-226.264308,-200.1030177,-233.3100937,-1073.333411,-1082.847418,-2303.626784,-293.6400546,1.881376213,3.386486889,-12.22070155,-64.28337099,-15.54529588,0.000170968,0.001180991,0.254375736,0.066705901,-0.791133944,-3.752914025,-4.169753431,0.009566347,0.018882281,0.062842023,-0.043913265,0.055236445,0.06960898,-0.130744445,-0.09576563,-0.036339605,-0.003803547,0.028531045,-0.00393683,-0.084838595,0.041781928,-0.054071743,0.070479918,0.085347811,-0.034288999,1.190336625,1.054531589,0.923295586,1.20811418,1.211420041,1.50108308,4,1,8,5,5,1,1.990590686,-4.088042961,13.65455395,10.47301426,13.8474744,0.0,2.079963005,0.015041161
LMST01010143_1-3,217.088,442.752,26.02140418,0,40.34722583,2.676787869,40.34722583,4.60650822,0.143953382,2.690620944,374.5712502,11.70535157,7.088932849,84,0,2,52,1,389,387,762,654,605,166.75,486.4652778,632.2986111,108.6400751,153.0405958,294.9616982,13816.23994,27183.63784,41826.84527,2.761904762,3.204545455,2.185393258,0.684491979,0.675767918,2.928571429,3.505617978,2.037433155,1.985119048,1.999921086,1.788475286,1.53668942,15.08988764,7.377005348,54.06103451,23.04355695,195.4790871,175.5128363,110.887437,7.132487619,7.400843,7.250916441,7.066210308,5.465958333,5.388166667,1.387124163,144.7805738,153.7751664,0.014620853,-0.029152191,16.90816327,11.16326531,-23.08390023,1.687909423,8.10840262,37.74036281,-153.4529478,-452.7427721,-14.78741497,-733.3667162,-78.41340735,-3670.077671,-462.047332,0.032047855,0.704814229,-15.41617298,-78.66527968,16.28885422,3.9e-05,-0.00019264,0.094989681,0.004513127,-0.564165249,-2.696201162,-3.329567909,0.002405509,0.016209177,0.044282839,0.055593359,-0.02809862,-0.014512523,-0.21503897,-0.143806625,0.014469568,-0.10109386,0.012111803,-0.025831873,-0.064802173,0.00415674,0.025246864,0.050087507,0.070898895,0.043281888,0.785028153,1.175523724,1.031058319,0.809396926,0.765167126,1.329706322,0,2,12,5,10,0,0.0,-7.236601067,7.047671983,24.29847454,57.78739461,55.51383238,2.052257892,0.016068037
LMST01010207_12-13,223.888,444.768,25.94149181,0,40.12067493,2.817103598,40.12067493,4.302353343,0.134448542,2.622312972,2046.617108,63.95678463,8.787094328,86,1,2,54,1,387,424,854,679,593,166.75,498.3055556,662.8611111,109.5293009,155.2676844,297.4113985,14186.07524,28102.37313,44563.70672,2.534883721,2.944444444,2.10326087,0.575688073,0.512658228,2.88372093,3.592391304,1.958715596,1.938953488,1.954320988,1.724240677,1.504702883,14.79347826,7.05733945,52.69297103,21.74360486,192.8461805,170.7093277,106.2087919,7.122859163,7.394549422,7.237773038,7.06111608,5.442393466,5.370565341,1.35549523,144.965951,154.1996772,-0.037142767,0.037472377,28.74364521,-6.612763656,-9.196863169,1.823684724,1.630513491,39.07869118,-105.4511898,-205.5542185,-114.3542455,-514.7406574,-554.9488707,-1597.363479,-1041.065326,0.391195239,0.654744889,-6.4142468,-43.03457796,35.34018802,-9.13e-05,9.19e-05,0.156215463,0.004182763,-0.36488301,-1.781109541,-3.952734469,0.002071977,0.016090567,0.043301582,0.111836038,0.013453422,0.017366874,-0.090336706,-0.122864518,0.03277002,-0.065083,0.011558272,-0.007556593,-0.077665147,0.044281098,-0.016302182,0.043695355,0.071092099,0.088060664,1.075605163,1.264807929,1.148313231,0.919684051,0.892981419,1.418696244,0,0,12,7,10,0,0.0,-6.929092688,7.047671983,42.05219268,57.78739461,55.51383238,2.157305349,0.015060469
LMST01030094_13-14,221.82,428.725,25.10871659,0,39.74867414,2.808009892,39.74867414,4.147682679,0.133796215,2.553951899,1848.374539,59.62498514,8.653464016,81,1,2,50,1,371,403,729,628,523,162.4652778,464.4166667,586.0347222,104.9619492,148.0246072,271.5230559,13319.61028,26184.91161,41612.12714,2.716049383,3.105882353,2.156976744,0.70523416,0.625454545,2.913580247,3.581395349,2.008264463,2.00574417,2.001960784,1.72645601,1.603434343,15.02906977,7.652892562,53.54189323,23.81134608,195.3417518,170.0971883,113.7640881,7.137673037,7.405863576,7.239289413,7.059137292,5.436158307,5.365658307,1.351304668,144.7958946,154.6919224,0.030525648,-0.038521301,12.00106691,5.56119494,-0.840877915,-4.243909719,-4.29799298,37.44185338,-117.3193111,-230.2900472,31.98780674,-563.3829815,152.45794,-2203.866144,213.4201728,0.384736611,-0.296737921,-10.10305866,-64.08681681,-3.704338443,8.43e-05,0.000288319,0.069773645,-0.011691211,-0.436131268,-2.094360526,-3.364309514,-0.001079047,0.016747572,0.045847114,-0.013470322,0.039412607,-0.019148297,-0.127480835,-0.104006305,-0.032498519,-0.045371292,-0.030276541,0.029646855,-0.065431318,0.050084788,0.008870589,-0.022132218,0.0732064,-0.010466855,0.915727726,1.1451657,0.721957123,0.86276729,0.844712951,1.37890927,2,0,10,8,8,2,5.112329249,-5.492841498,7.047671983,48.47301431,38.52492974,60.74213539,2.15810688,0.014589378
LMST01031101_14-15,228.785,456.691,26.58726462,0,41.55740536,2.810903242,41.55740536,4.198581704,0.127229749,2.628669247,3465.275342,105.0083437,9.344469841,79,1,4,46,3,495,598,747,593,531,249.5208333,536.1388889,747.4652778,104.4699056,145.6703336,264.3505446,12950.84224,24865.69566,39357.03417,3.898734177,4.012048193,3.018292683,1.058171745,0.811538462,3.088607595,3.829268293,2.069252078,3.158491561,2.328898929,2.094292535,1.82275641,16.62804878,8.548476454,60.24975936,27.60466693,205.6996855,182.1336047,114.0112338,7.316216354,7.511435904,7.377734562,7.290104301,5.693700717,5.624921147,1.391495605,144.9868583,153.7384147,-0.182252314,0.024411014,36.14981573,-83.45761897,-14.41259414,5.584173432,-5.084447159,26.63195001,-32.01089569,-205.2360199,-182.7062971,-163.8600671,-858.9352944,-2421.18548,-763.1479892,0.094969045,-0.521117689,-12.68123001,-60.99163509,15.21603115,-0.000520721,-0.000405552,0.220425706,0.015468624,-0.125042561,-0.640078387,-2.622495339,-0.002004299,0.020736087,0.071014707,0.058523197,-0.034098084,0.007893983,-0.040029954,-0.046816594,-0.023133572,-0.013555874,0.014095843,-0.104996823,-0.051118738,0.005819343,-0.113294337,-0.02582244,0.090564988,0.044924544,1.160535607,1.066239692,1.014263503,1.215659684,1.228398244,1.418586948,3,1,9,7,6,2,3.774552426,-4.810889507,7.047671983,32.10410811,16.89383588,48.24529366,2.132885978,0.014369399
LMST01031264_0-1,233.96,442.708,25.93427707,0,40.79502192,2.668360312,40.79502192,4.567624084,0.142738253,2.682143985,446.1231994,13.94134998,7.263745956,80,0,3,48,2,424,446,706,594,555,208.9722222,521.1875,667.8402778,104.7159274,147.1368585,273.0274826,13135.22626,25696.33228,40713.72507,3.35,3.583333333,2.50887574,0.886627907,0.783269962,3.0,3.597633136,2.052325581,2.612152778,2.120453042,1.974195076,1.71010245,15.74556213,7.720930233,56.60359274,24.50187518,199.4135016,174.1275716,110.8050954,7.2258288,7.44401219,7.314738,7.139796915,5.554075646,5.475269373,1.358836809,144.6993961,154.2186556,-0.111233293,-0.155302629,21.2725,-12.0225,-14.25,21.37333333,-5.125555556,34.203125,-111.78125,-428.96875,12.37109375,-541.8837449,54.04731445,-3191.97184,-187.4452187,0.77116484,-1.116091766,-12.97296785,-56.95284228,6.865687705,-0.000308981,0.000217071,0.125872781,0.062131783,-0.423413826,-2.052589943,-4.003676863,-0.004243695,0.016760934,0.046406922,0.026105276,0.025073576,-0.068208199,-0.150487073,-0.109751576,0.008406553,-0.055658156,0.078682409,-0.010915318,-0.077899711,0.06743917,0.011139884,-0.067023937,0.073221629,0.020161152,0.821660354,1.053284514,0.983010662,0.810693503,0.781353231,1.315827794,3,0,9,8,10,2,3.901621468,-6.191742652,13.59242839,43.43700463,32.2280429,47.74237809,2.048367208,0.013774067
LMST01040122_13-14,232.288,444.768,25.71564766,0,40.86197576,2.78568625,40.86197576,4.083743751,0.127616992,2.570164964,3591.595672,112.2373648,9.34950267,86,1,2,54,1,362,383,794,655,593,165.2152778,476.75,612.8541667,109.5293009,155.2676844,302.2741458,14186.07524,28091.4393,44939.87275,2.488372093,2.866666667,1.967391304,0.605459057,0.5625,2.837209302,3.47826087,1.970223325,1.921107881,1.937885802,1.649653979,1.495339912,14.52173913,7.027295285,51.37703615,21.8857736,190.3991434,165.5083316,105.3317912,7.122859163,7.394549422,7.219984706,7.07978019,5.480246835,5.402781646,1.323298405,144.965951,155.5012898,0.083685844,0.030651808,14.34829638,-23.42509465,-15.90914008,-1.134150029,1.892565801,39.07869118,-86.7302596,-311.7513521,-105.1206057,-415.9375556,-506.0742751,-2753.520554,-787.984235,-0.044094248,0.468167117,-11.97274213,-56.59182963,-2.878299481,0.000215131,2.4e-05,0.077979872,-0.002814268,-0.300104704,-1.439230296,-2.280588039,0.001540023,0.016090567,0.043301582,-0.00946809,0.003489668,0.014683736,-0.132905073,-0.098419231,-0.032796861,-0.024553356,-0.007901153,-0.029548134,-0.044810044,-0.005399931,-0.034673209,0.032477124,0.071092099,-0.007455256,0.925804739,1.110869427,0.682353235,0.941773457,0.912476583,1.330615943,0,0,13,8,11,0,0.0,-6.601662688,7.047671983,60.3088264,57.78739461,48.59009518,2.143463325,0.015670929
LMST01060005_11-12,219.483,428.725,25.1583708,0,39.06219552,2.785708665,39.06219552,4.087369952,0.131850644,2.539303831,2570.754838,82.92757542,8.983356958,81,1,2,50,1,368,394,758,604,543,161.7152778,457.9861111,579.1180556,104.9619492,148.0246072,273.0734943,13319.61028,26216.70671,41051.90727,2.740740741,3.105882353,2.139534884,0.637795276,0.614583333,2.913580247,3.581395349,1.989501312,1.996484911,1.998611111,1.721752297,1.48591821,15.0,7.217847769,53.47741053,22.7415251,194.8553979,170.8186654,106.9843439,7.137673037,7.405863576,7.245074226,7.100950452,5.515369863,5.434243151,1.357746965,144.7958946,154.3304785,0.110196358,0.035221812,7.124523701,-29.77625362,-4.160493827,-0.292396992,3.266137022,37.44185338,-153.7340344,-184.5246152,-236.0780369,-739.5301262,-1139.363192,-1617.737411,-1928.667731,-0.007723164,1.098390809,-6.926774833,-29.26835829,17.1946179,0.00030441,4.83e-05,0.041421649,-0.000767446,-0.577947498,-2.780188444,-4.603344053,0.003813857,0.016747572,0.045847114,0.059703534,0.00662315,0.016764667,-0.141251252,-0.102809233,-0.067558939,0.003737724,-0.002008384,-0.059971803,-0.089528881,-0.000957898,-0.060753207,0.078225614,0.0732064,0.046391488,0.955910196,1.143165711,0.647950596,0.999032793,0.961534445,1.355643957,1,1,11,7,9,1,2.6517195,-5.849181498,7.047671983,54.39092035,44.94575136,54.66611529,2.143449772,0.01613358
LMST01070025_12-13,216.36,432.669,25.70371712,0,40.20035113,2.790329485,40.20035113,4.339307769,0.13997767,2.599116947,598.3770889,19.30248674,7.52562325,77,1,4,46,3,468,513,746,610,489,196.0208333,520.75,646.7847222,98.89210562,141.4318736,233.3559709,12697.25353,25595.40725,41299.27975,3.584415584,3.756097561,2.785714286,0.840336134,0.858921162,3.142857143,3.863095238,2.089635854,2.545725108,2.124915312,1.957706767,1.73812817,16.54166667,7.81512605,59.7215978,24.52204586,201.7063936,173.5941866,110.3669339,7.31039039,7.541488195,7.407010947,7.188615566,5.566131469,5.503146853,1.339122704,145.532486,155.2604502,0.04461148,-0.115876209,22.11570248,9.909090909,0.640411537,-6.008969566,-7.03761291,43.00202395,-116.7780401,-295.9927475,46.50278293,-563.4956738,217.8009605,-2275.19516,167.822982,-0.349046309,-0.370513999,-9.356938631,-42.19651388,-22.64888401,0.000124613,-0.000184169,0.131641086,-0.016831848,-0.439015189,-2.118404789,-3.545867448,-0.001537402,0.01953124,0.055291718,-0.093978772,-0.015366135,-0.040116723,-0.117447836,-0.135695239,0.029319936,-0.029755601,-0.02305002,-0.014344899,-0.070263663,-0.021110079,0.025243121,-0.019480621,0.08698969,-0.073582987,0.832080749,1.147446916,0.871573506,0.851327658,0.838758982,1.299326756,0,0,12,7,7,0,0.0,-3.988624283,7.047671983,36.63720221,32.10410811,41.66635798,2.144064452,0.016402985
LMST01080011_8-9,220.71,460.679,27.73491834,0,43.34769418,2.796776253,43.34769418,4.509848325,0.13666207,2.700185991,591.6558986,17.92896662,7.576847682,79,2,5,46,4,570,601,807,657,566,208.5555556,573.5902778,676.6041667,102.3242096,146.8994536,249.2415135,13009.49917,26647.86641,43213.71138,4.126582278,4.247058824,3.257142857,0.994550409,1.083018868,3.291139241,3.988571429,2.198910082,2.639943741,2.159558824,2.06327438,1.7096174,17.55428571,8.504087193,63.89391233,27.23294524,205.8511641,176.3685467,114.2425479,7.389775848,7.600121365,7.493778317,7.273486082,5.672740068,5.606267123,1.337496082,145.495822,155.445005,-0.150187535,-0.173729579,37.20781926,-6.257651017,3.996474924,-12.57961687,1.104845422,52.72712706,-134.1156866,-410.5571223,-140.9338247,-642.9975705,-681.1320203,-2567.878924,-1207.912193,-1.351437486,1.061021231,-8.991493299,-37.63570404,6.201408802,-0.000405912,-0.000805557,0.21261611,-0.034276885,-0.482430527,-2.312940901,-3.568578457,0.004003854,0.016975679,0.038548353,0.023401543,-0.06040975,-0.04916306,-0.140712799,-0.146501248,0.055101602,-0.055139896,-0.04479235,-0.062570513,-0.070816494,-0.06500368,-0.018307906,0.043897678,0.07556144,0.018238379,0.904814556,1.154207257,0.822188034,0.929927585,0.911944755,1.198301551,0,0,13,7,9,0,0.0,-4.084083474,13.65455395,37.70515893,32.10410811,34.74262078,2.144185653,0.016938641
LMST01100001_0-1,238.848,470.806,28.0370027,0,43.34612102,2.829930733,43.34612102,4.291477513,0.126219927,2.680406514,1586.056622,46.64872418,8.592781534,90,2,2,56,1,419,430,856,737,688,172.8194444,523.8680556,712.8125,115.9963267,165.861473,339.8731926,14809.49926,29420.07992,45939.65791,2.666666667,3.157894737,2.170984456,0.656398104,0.669811321,3.022222222,3.694300518,2.028436019,1.920216049,1.941959064,1.740425434,1.572785639,15.08290155,7.002369668,53.99539684,21.62794779,196.7236192,177.821744,106.919328,7.123153867,7.393329053,7.237416571,7.061653537,5.455211144,5.379143695,1.403510539,144.563829,152.6234482,-0.097715033,-0.055188346,17.96938272,12.42765432,-31.92740741,1.446529492,4.633374486,47.75246914,-133.3124691,-519.7079012,143.3295062,-646.9875981,688.6377136,-3808.383236,1010.745663,0.16492606,-0.373122074,-15.03408093,-66.53868728,-22.19845707,-0.00022515,-0.0001741,0.09310561,0.003427795,-0.442898569,-2.149460459,-4.159491192,-0.00117334,0.019383568,0.065255712,-0.069806469,-0.026473181,-0.026389271,-0.1892178,-0.158602047,0.051454014,-0.091834221,0.009837461,0.003830534,-0.08106326,0.019913466,0.03949151,-0.025121092,0.084885082,-0.054539199,0.778333329,1.196006805,1.177536375,0.802211377,0.777737927,1.227455024,0,0,12,6,12,0,0.0,-7.765802301,13.59242839,36.01035185,70.75297264,55.51383238,2.048320664,0.015232935
LMST01120001_17-18,201.635,404.571,24.19923424,0,38.06371093,2.779404472,38.06371093,4.338063803,0.149588407,2.532138857,390.9570309,13.48127693,7.033308395,67,0,5,38,4,501,501,639,484,380,227.2222222,487.1527778,625.0347222,87.61170638,125.4961591,164.999765,11022.98053,22294.6429,36194.1089,4.597014925,4.527777778,3.408163265,1.158415842,1.331428571,3.343283582,4.020408163,2.108910891,3.391376451,2.288290895,2.081849478,1.99452381,17.81632653,8.732673267,65.01182724,27.87003213,210.056996,177.8118497,112.6072984,7.460933075,7.623240444,7.442123744,7.352148346,5.710048052,5.66165368,1.356300833,145.5783852,154.6756791,-0.259373902,0.125772014,28.23947427,6.382713299,1.668077523,-6.526947043,15.06416611,35.80374248,-124.5072399,-364.7522834,-30.74470929,-603.680462,-139.6647249,-2724.551957,51.32475827,-0.402436386,1.683303609,-11.08927824,-63.97474724,5.374989117,-0.000823409,-0.000798822,0.192105267,-0.021541079,-0.532082222,-2.579831034,-4.647315733,0.009618878,0.021926531,0.063327455,0.030714224,-0.043315264,0.038970597,-0.145675175,-0.112964082,-0.026689081,-0.063509819,-0.016912209,-0.008782147,-0.092421903,-0.020443275,-0.026206429,0.094963497,0.097622754,0.023716973,0.961463327,0.982878722,0.883224902,1.07285877,1.077217763,1.330822573,0,0,11,6,10,0,0.0,-3.882855515,13.65455395,51.36657298,11.32073135,20.89514638,2.12376939,0.01739481
LMST01130002_30-31,217.276,472.602,27.94416712,0,43.61153052,2.840620767,43.61153052,4.560402204,0.134129477,2.741186254,797.936146,23.46871018,7.905804008,72,1,7,38,6,672,785,817,631,478,326.8125,635.4166667,813.3055556,97.26481438,135.9627628,221.3226845,11774.26617,22770.8625,36789.61551,5.888888889,5.649350649,4.450331126,1.671052632,1.578059072,3.5,4.317880795,2.15,4.5390625,2.676677489,2.647569444,2.560419597,19.67549669,10.14473684,73.04675291,33.56659777,222.1532016,197.4619036,121.5543825,7.627881889,7.713196935,7.6372714,7.502687987,5.887206061,5.837868687,1.432295483,145.4646128,153.2900646,-0.464787531,-0.111302841,48.19984568,-33.65972222,12.12037037,6.932243441,-5.435221354,22.25868056,-68.83333333,-469.6267361,-76.484375,-332.7159291,-362.726121,-2855.776766,-489.2567523,0.59314658,-1.167354688,-10.53750671,-40.72616692,30.66606531,-0.001387425,0.000354034,0.319204276,0.018242746,-0.286805556,-1.386316371,-2.817162121,-0.004925547,0.024459775,0.086615085,0.129392681,0.017370752,-0.023042573,-0.133438246,-0.144357224,-0.011295176,-0.080368243,0.009666871,-0.04440819,-0.056152668,0.018580231,-0.02734703,-0.039969784,0.107891439,0.098103645,1.029956038,1.035089368,0.942937793,1.063225186,1.062783376,1.410451015,3,1,9,6,7,0,0.0,-4.659809549,7.047671983,24.82591636,17.22943979,20.89514638,2.136963659,0.016109468
LMST01160004_1-2,232.091,454.675,27.25552967,0,42.8280267,2.745101563,42.8280267,3.650400173,0.110618187,2.488759266,1405.309513,42.58513676,8.44193532,77,0,4,44,3,526,530,709,620,559,229.5277778,517.1944444,671.9236111,103.5806798,145.9401376,260.8772141,12581.00694,25175.48698,39568.07597,4.337662338,4.463414634,3.168674699,1.133757962,1.103585657,3.246753247,3.789156627,2.257961783,2.980880231,2.206893631,2.012429745,1.906817176,17.1686747,8.894904459,62.70548028,28.79739314,207.6754069,181.7578796,122.4634682,7.33174239,7.494399122,7.395529992,7.224116286,5.648708647,5.570819549,1.394554057,144.1083416,153.9613851,-0.177484012,-0.15565647,39.70180469,-10.37190083,-9.568055321,-13.60702456,-18.54247484,47.09141508,-161.6311351,-472.7572947,21.40613932,-782.4927266,94.47993685,-3838.248096,-260.4503617,-0.820300785,-1.804344645,-16.34793414,-86.28405224,6.429785175,-0.000514446,-0.000364953,0.239167498,-0.043334473,-0.628914923,-3.044718781,-4.96939223,-0.007188624,0.01067846,0.006791709,0.025616674,-0.030250167,-0.051402482,-0.167010013,-0.137111476,0.004205519,-0.044907145,-0.043272234,-0.010914015,-0.096154998,-0.056681159,0.004703096,-0.091329799,0.046210054,0.019443749,0.894311081,1.041933695,0.827181959,0.838814019,0.82331711,1.20827891,2,1,10,7,9,1,2.023515929,-6.344633227,7.047671983,43.43700463,42.57712238,41.66635798,2.084460915,0.015955369
LMST02010024_5-6,167.466,300.422,18.38088665,0,29.33135838,2.786765338,29.33135838,3.920459604,0.178202709,2.154666253,193.1686144,8.780391562,6.052020817,48,1,3,26,2,373,395,328,218,109,149.5972222,326.3333333,385.125,67.04544353,94.1711074,54.64291465,7799.094353,15162.59147,23999.11966,4.666666667,4.923076923,3.693069307,1.094674556,1.4,3.458333333,4.148514851,1.940828402,3.116608796,2.419604701,2.091880342,2.617592593,18.34653465,8.142011834,67.27566429,25.44785572,221.7201431,186.4871261,112.5908435,7.392811167,7.608798,7.414196795,7.230066612,5.54985124,5.506975207,1.413114651,145.1956037,153.8405107,-0.069384016,0.037812879,9.828125,18.265625,2.5625,-2.121479552,-9.854166667,20.35590278,-82.265625,-220.3624132,130.375434,-396.6651866,629.0880703,-1647.947302,1023.499302,0.567520063,-0.685503646,-6.633644207,-41.98469389,-8.501092719,-0.000352203,-0.000284566,0.097308168,-0.012553133,-0.52734375,-2.542725555,-4.655615325,-0.011425061,0.032202023,0.116594136,-0.141684879,-0.015219956,0.033706869,-0.143599365,-0.147970019,0.007756579,-0.073380245,-0.012427872,-0.022954649,-0.089427812,0.067073461,-0.013416632,-0.1358291,0.137910061,-0.103962608,1.006297165,1.057266121,0.867460463,1.04008639,1.076440547,1.527076754,4,2,7,3,5,0,0.0,-3.708036199,7.047671983,19.26246487,23.96854623,20.03777625,2.158437805,0.019543201
LMST02030089_10-11,187.856,362.534,21.50868168,0,33.39833164,2.789614183,33.39833164,4.205736796,0.161759108,2.391960942,235.0060828,9.03869549,6.415122843,62,1,4,36,3,411,455,542,394,284,210.6944444,488.8055556,593.1319444,80.50147657,115.0125905,138.5451939,10214.10523,20344.48468,33070.07299,4.129032258,4.196969697,3.067164179,0.875912409,1.077922078,3.258064516,3.970149254,1.97810219,3.398297491,2.267045455,2.28413811,2.176948052,17.25373134,7.401459854,62.89305733,23.19591397,207.7897561,181.7403767,102.7969576,7.387303871,7.568018909,7.463771439,7.250949411,5.630945263,5.572,1.377351171,145.6836859,154.5330513,0.00820109,-0.028209576,18.24557752,28.14984391,-6.397502601,-8.986898774,-6.466152156,25.67585848,-81.23673257,-456.194589,27.22424558,-392.2877603,120.7466233,-3261.209631,-154.5995707,-0.166160462,0.891856191,-12.63430581,-57.42931182,-10.50283805,2.81e-05,-0.000358023,0.136161026,-0.032798901,-0.3796109,-1.833120375,-3.082039187,0.005791274,0.026302565,0.088105721,-0.068200247,-0.025762983,-0.013181384,-0.180168145,-0.182138019,0.064971893,-0.06631106,-0.025100611,-0.015189537,-0.061147095,-0.0109389,0.036518845,0.064242905,0.117163274,-0.052785442,0.929808441,1.106331729,0.921295532,0.852120868,0.843181442,1.523353271,1,0,10,5,8,0,0.0,-3.744791364,7.047671983,38.52492974,6.420821623,20.89514638,2.143141348,0.019281836
LMST03010031_9-10,212.336,442.708,25.44038315,0,39.91059445,2.730990854,39.91059445,3.889929221,0.121560288,2.521541772,1369.848407,42.80776272,8.385606171,80,1,3,48,2,375,382,654,630,608,205.6875,500.0138889,560.5138889,104.7159274,143.7691822,315.3025103,13135.22626,24569.27667,37611.15892,3.275,3.493975904,2.329192547,1.06779661,0.905405405,2.875,3.397515528,2.216949153,2.57109375,2.25,2.066173095,1.851750188,15.55900621,9.145762712,55.7614612,29.97356455,195.8016243,168.0017036,127.6681102,7.2258288,7.471205349,7.338978,7.172571322,5.605514134,5.522095406,1.325301957,145.3014054,155.418012,0.006373211,0.067599681,-9.2475,-22.0925,-10.615,0.251622179,-4.994592014,21.44921875,-234.8671875,-200.4101563,-47.33203125,-1119.575024,-227.0293571,-1790.475765,-292.1296502,0.52857055,-0.191584625,-7.913912161,-51.26479878,-26.64397241,2.05e-05,0.000143418,-0.057437888,0.000852957,-0.970525568,-4.626343076,-6.069171617,-0.000647245,0.016064666,0.043488684,-0.09001342,0.014267195,0.022718925,-0.199897289,-0.0623439,-0.059943808,-0.031326568,0.001217696,-0.014721984,-0.11808813,0.053901938,-0.023594739,-0.010222444,0.07017992,-0.069517527,0.964008249,1.005553932,0.703627038,0.899140415,0.874804117,1.432851788,3,2,10,6,8,3,7.174274109,-5.134172652,7.047671983,31.09827696,43.25031717,52.62587959,2.145404739,0.01287412
LMST03020001_0-1,228.419,414.698,23.71307294,0,37.99079328,2.597692256,37.99079328,3.890204422,0.129673481,2.457073996,1633.920633,54.4640211,8.497349991,78,1,2,48,1,316,319,575,556,583,158.3472222,417.3611111,477.625,101.2838234,140.2197185,288.714349,12822.98062,24502.13097,37192.87124,2.743589744,3.0,1.975,0.907407407,0.858237548,2.743589744,3.20625,2.12962963,2.030092593,2.03755144,1.753618114,1.610738612,14.2375,8.166666667,50.04302734,26.62003057,187.4608841,157.8873931,118.0585387,7.143257333,7.409655654,7.203355664,7.156837513,5.613730435,5.521073913,1.279444943,145.0347807,156.2725682,-0.034244422,0.042653259,-0.117685733,-27.93359632,-22.86390533,4.321745562,0.877972277,27.88905325,-137.4171598,-120.5281065,-67.58284024,-661.701479,-326.7645992,-1022.36358,-610.7471375,0.247903172,0.108482249,-4.500839124,-21.12713631,-15.61692743,-0.000116875,-0.000785857,-0.000735536,0.016006465,-0.577383024,-2.780258315,-4.682241234,0.000415641,0.012546134,0.019924202,-0.059834971,-0.102276718,0.021268895,-0.099382335,-0.048986577,-0.04178611,0.003913118,0.040842051,-0.057771059,-0.090994817,0.04221568,-0.025598157,0.008390732,0.054803694,-0.046396709,0.873338549,1.046297525,0.663213095,0.996393363,0.974427588,1.346706196,2,2,12,5,12,2,5.007891697,-6.298377173,13.59242839,36.51326743,69.90525554,46.894661,2.074061215,0.01217846
LMST03030001_0-1,232.419,428.725,24.48912941,0,39.41334682,2.597710991,39.41334682,3.901335522,0.125849533,2.492721048,1515.763271,48.89558939,8.455076512,81,1,2,50,1,325,326,600,599,619,163.875,435.8055556,511.7361111,104.9619492,145.2357072,313.4467208,13319.61028,25431.80008,38491.98959,2.716049383,2.988095238,1.957831325,0.928315412,0.842293907,2.740740741,3.204819277,2.150537634,2.023148148,2.042493386,1.764394962,1.633164078,14.24096386,8.329749104,50.13047543,27.13898615,187.5446746,160.0654655,120.4646898,7.137673037,7.404260571,7.205368372,7.144717177,5.596806452,5.505028226,1.293748431,145.0101987,155.8380146,-0.045865983,0.037110594,-0.811918915,-29.21551593,-24.25377229,2.867693568,-1.366960067,28.14311843,-142.3606158,-201.7354062,-14.75323884,-685.3863165,-71.17513325,-1739.238081,-144.8397328,0.201271709,-0.393095748,-7.668360421,-38.04719725,-34.83356119,-0.000147479,-0.000765976,-0.004891078,0.010278472,-0.576358768,-2.774843387,-4.644706299,-0.001408945,0.012116112,0.01914726,-0.124851474,-0.102825525,0.017855803,-0.121675987,-0.044893536,-0.028435738,-0.020933218,0.026685579,-0.036648913,-0.090333321,0.034090038,-0.012738274,-0.028898728,0.052961524,-0.097013446,0.838788641,1.014639783,0.698366178,0.959343745,0.938442251,1.35075406,2,2,11,6,11,2,5.011615976,-6.316331498,13.59242839,42.43117348,63.48443392,53.81839819,2.07406115,0.012661336
LMST03040002_0-1,239.332,442.752,25.08684639,0,40.52740526,2.597715583,40.52740526,3.905531889,0.122047872,2.525544791,1852.014327,57.87544773,8.687179961,84,1,2,52,1,333,335,643,624,662,168.125,445.3888889,527.0694444,108.6400751,150.2516958,333.5026271,13816.23994,26356.00228,39976.41166,2.666666667,2.942528736,1.936046512,0.879084967,0.838383838,2.714285714,3.180232558,2.10130719,2.001488095,2.033365262,1.739800347,1.611625514,14.09883721,7.944444444,49.50795034,25.8427746,186.3137389,159.2503739,115.6898092,7.132487619,7.399237563,7.197791422,7.148612778,5.607210117,5.513256809,1.287436779,144.9873119,156.1578581,-0.037355159,0.049454989,3.091836735,-28.9744898,-27.3622449,5.552295918,0.860461546,28.37967687,-113.7358277,-208.2114512,-46.06561791,-547.0160489,-222.4666956,-1781.020791,-411.4417953,0.326193959,-0.119492687,-7.814944446,-38.54806471,-23.78776591,-0.000116735,-0.000669928,0.017975795,0.018144758,-0.444280577,-2.136781441,-3.515386252,-0.000402332,0.011714594,0.0184286,-0.080093488,-0.092532967,0.022999696,-0.115619109,-0.066323044,-0.027188382,-0.004785517,0.048536334,-0.053580178,-0.068418688,0.051710643,-0.019783215,-0.008377361,0.051239601,-0.062356322,0.847357638,1.053267849,0.681712591,0.979435986,0.955026689,1.348455749,2,2,12,6,12,2,5.020748208,-6.707511067,13.59242839,42.43117348,69.90525554,53.81839819,2.074062354,0.012257266
LMST03050001_0-1,231.991,440.736,25.08684639,0,40.52740526,2.597715583,40.52740526,3.905531889,0.122047872,2.525544791,1852.014327,57.87544773,8.687179961,82,1,2,50,1,348,353,611,605,651,169.625,443.5138889,519.6944444,107.7508492,148.0246072,327.9389296,13446.40463,25373.67679,38133.08812,2.853658537,3.141176471,2.096385542,0.996441281,0.885813149,2.756097561,3.222891566,2.174377224,2.068597561,2.093954248,1.810260771,1.633169935,14.45180723,8.455516014,50.99341553,27.81473766,189.9087297,162.9561523,121.4308568,7.142585756,7.405863576,7.209536702,7.166824346,5.638736626,5.54118107,1.308895858,144.7958946,155.6452576,-0.037379673,0.047613579,3.562165378,-34.97739441,-28.13146936,4.275435422,1.041261815,27.28093397,-110.6464902,-195.4672814,-68.08581202,-531.751527,-328.5137098,-1652.754424,-584.4308679,0.265868124,-0.166115705,-7.213284689,-35.01458505,-24.36061665,-0.000123774,-0.000738108,0.021458828,0.015215073,-0.451618327,-2.170414396,-3.508380277,-0.000574795,0.011861996,0.019607339,-0.084292791,-0.097935274,0.021860106,-0.121755728,-0.085934247,-0.029019805,-0.011102255,0.038783343,-0.058170495,-0.067659006,0.045102977,-0.028543009,-0.011818027,0.051379463,-0.064899243,0.865045036,1.105860316,0.727243529,1.002074287,0.979010254,1.348455749,4,2,10,6,10,4,10.10345564,-5.989858137,13.59242839,42.93408905,50.64279067,65.97043841,2.074062354,0.012257266
LMST04010142_21-22,196.199,388.616,22.79710141,1,36.22037585,2.819031807,36.22037585,4.080258112,0.145723504,2.435779666,962.1445705,34.36230609,7.898784138,70,1,3,42,2,372,367,660,510,375,187.6597222,409.5486111,517.4375,90.89265,129.2999927,186.7088399,11518.54292,22936.80364,37232.23601,3.371428571,3.554054054,2.463576159,0.670520231,0.774509804,3.028571429,3.715231788,1.907514451,2.680853175,2.094313063,1.706452546,1.916734749,15.66225166,7.014450867,56.08213074,21.47897747,198.4961923,170.9515829,104.5502762,7.251335086,7.465259027,7.260263067,7.120592634,5.482575472,5.421264151,1.348698259,144.9842779,155.1343167,-0.068985613,-0.245059975,19.57877551,26.49387755,5.384489796,-1.572015306,-22.89428288,33.94897959,-88.20408163,-290.0102041,107.7806122,-418.6602024,505.0716768,-2246.464899,308.154593,0.10363793,-1.535399673,-9.172888232,-48.14664474,6.403113901,-0.00021558,-0.000181575,0.129660765,-0.004543397,-0.367517007,-1.74441751,-2.197873601,-0.007526469,0.019164177,0.052658836,0.031387813,-0.015194834,-0.100526782,-0.166357298,-0.148530876,-0.022189535,-0.013762881,-0.005234429,0.046747643,-0.043085703,0.008085384,0.045268431,-0.110634857,0.084436253,0.024317668,0.831347043,1.030486011,0.410855281,0.796039176,0.789860167,1.438169663,0,0,12,6,11,0,0.0,-5.168686819,7.047671983,36.13428664,57.78739461,27.81888358,2.152656912,0.014781596
LMST04020042_12-13,212.972,432.669,25.11793068,1,39.74790033,2.785685211,39.74790033,4.082364721,0.131689185,2.53807852,2801.571411,90.37327131,9.069337868,77,1,4,46,3,413,403,721,595,490,232.9652778,487.6666667,619.1319444,98.89210562,140.0925336,242.93555,12697.25353,24944.50568,40525.93762,3.584415584,3.62962963,2.518292683,0.770949721,0.94,3.012987013,3.652439024,2.01396648,3.025523088,2.203960905,1.868454662,1.871777778,15.90853659,7.608938547,57.09888197,23.98761964,198.5780423,170.2078081,108.8368872,7.31039039,7.510717877,7.311341808,7.184723483,5.568444056,5.502304196,1.334850172,145.4360559,155.2717917,0.039076798,0.138326265,12.53719008,-4.636363636,-7.710237814,5.48067643,2.828526452,28.82239838,-132.7670771,-387.8193625,-28.88682746,-634.6394068,-135.1704767,-2716.845295,-75.44989804,0.227004157,1.171208467,-10.05402685,-43.49968977,-32.05167365,0.000111648,5.11e-05,0.076446281,0.015309152,-0.508686119,-2.431568608,-3.541914909,0.004684834,0.021571101,0.071599275,-0.128206695,0.003755112,0.040689131,-0.18479033,-0.139309665,-0.002424296,-0.044963509,0.014182525,-0.028384769,-0.07018534,0.013690705,-0.030712522,0.059362122,0.096074977,-0.10038258,0.840944685,1.024094111,0.698745483,0.887592327,0.872096694,1.344244468,0,0,12,7,10,0,0.0,-4.759764283,7.047671983,55.39675151,38.52492974,27.81888358,2.143454076,0.016653232
LMST04030105_26-27,222.044,462.695,26.79746064,0,40.88076916,2.796561743,40.88076916,4.237137528,0.128398107,2.637810398,3298.448277,99.95297808,9.295129886,81,1,5,48,4,463,533,770,629,554,274.2777778,579.8055556,720.9652778,103.2134354,145.8690859,264.9876933,13379.33447,26054.46243,42053.47425,3.87654321,3.823529412,2.707602339,1.071240106,1.018315018,3.061728395,3.760233918,2.031662269,3.386145405,2.297630719,2.139503895,2.008190883,16.52046784,8.530343008,59.76248386,27.31253345,200.6843104,173.7774219,111.2530318,7.373200247,7.559192329,7.445502716,7.290620159,5.675277409,5.613710963,1.336207414,145.8678239,155.1788718,0.005889855,0.10312697,5.524005487,-27.65874105,-16.56058528,10.5578746,18.90564828,23.19890261,-198.6076818,-204.6721536,-103.9122085,-946.3824854,-490.2760808,-1854.042381,-577.4854653,0.680958568,0.94087572,-8.646894185,-36.45552571,23.83832917,1.59e-05,0.00091332,0.032304126,0.027857189,-0.732869674,-3.492186293,-4.745235604,0.003446431,0.024296918,0.090005816,0.087319887,0.066416285,0.02747015,-0.129511597,-0.049040879,-0.082162264,-0.025649542,0.021531674,-0.061647908,-0.09492741,0.032330235,-0.066963503,0.038338089,0.109262079,0.068894585,1.121968276,0.975725356,0.786558255,1.050633452,1.051884502,1.394360892,1,0,12,7,9,0,0.0,-4.656567813,7.047671983,51.36657298,4.899909731,27.81888358,2.132243255,0.016470575
LMST04040011_23-24,245.18,514.727,29.89860237,0,47.84202204,2.739257927,47.84202204,4.979635836,0.134584752,2.913689583,1305.172123,35.27492224,8.482423026,85,0,6,48,5,650,674,866,783,666,264.8263889,569.5694444,749.6597222,112.2233394,155.7516749,308.1684903,13945.16883,27655.47942,40993.19615,4.894117647,4.755555556,3.611111111,1.331632653,1.627516779,3.2,3.866666667,2.209183673,3.115604575,2.349074074,2.133218893,2.077087994,17.48333333,9.193877551,63.83122139,29.72382656,203.5346195,186.5684216,122.6286902,7.449440988,7.590519911,7.488602607,7.246400068,5.635754986,5.570777778,1.396422291,144.9194169,153.5325698,-0.083012696,0.314249747,62.39446367,103.0103806,-11.42948097,2.039263745,-2.338211265,55.5384083,-68.86546713,-396.7774394,269.1821453,-332.989923,1273.459987,-2738.615521,1116.214599,0.906952428,0.953325993,-10.95534323,-55.73313906,23.75726794,-0.000228685,0.00039222,0.346635909,0.005202203,-0.257923098,-1.24715327,-2.687199842,0.003199081,-0.001918725,-0.071474757,0.079722376,0.02742509,0.073735569,-0.12142496,-0.204873522,-0.013350548,-0.043090907,0.005077987,0.029908315,-0.053053473,0.036463188,0.029713792,0.032272597,-0.008461942,0.061439579,0.794584376,1.191919587,0.89778817,0.741967776,0.736221605,1.245889982,2,1,10,7,6,1,2.049588943,-5.530416801,21.26726707,19.26246487,36.84527667,34.74262078,2.104897805,0.015137691
LMST04050019_13-14,201.09,386.556,22.73739063,0,36.52640735,2.783470017,36.52640735,4.059568174,0.144984578,2.430696024,617.4670904,22.05239609,7.455245189,64,1,4,36,3,454,464,565,414,346,210.4375,427.6944444,565.7013889,86.07927657,120.2983832,160.0825663,10467.69394,20699.33015,31988.16312,4.65625,4.602941176,3.338235294,0.957142857,1.24260355,3.25,3.919117647,2.017857143,3.288085938,2.317912582,2.046384902,1.906722551,17.24264706,7.860714286,62.86024964,24.93316621,208.7368975,187.08773,107.7086751,7.39209175,7.534655529,7.374756574,7.272380275,5.686156085,5.614619048,1.424176681,144.5755514,153.053412,-0.272767392,-0.166711779,30.2265625,-7.674804688,-2.33984375,-19.34598796,-7.049802992,37.74316406,-51.62670898,-421.0947266,-88.3737793,-254.5699715,-428.4538702,-2817.577479,-901.174827,-0.894629531,0.02685625,-10.55791328,-44.21314455,22.94142564,-0.000960449,-0.000145354,0.222254136,-0.069092814,-0.247017746,-1.218038141,-3.123069822,0.000158913,0.007304136,-0.023644583,0.135748081,-0.010259077,-0.069624081,-0.154695644,-0.17768744,0.022201631,-0.053922649,-0.05853854,-0.063081949,-0.060851775,-0.059444518,-0.034596518,0.001805185,0.031807368,0.102682941,0.859329045,1.061799368,0.839563973,0.931916341,0.916775466,1.427519279,3,0,7,6,6,2,4.219948713,-4.484341935,14.15746952,12.33872767,44.11381539,33.89490369,2.134797959,0.01776848
LMST04060012_0-1,200.996,392.604,22.94151477,0,36.07880658,2.663176701,36.07880658,4.641537768,0.165769206,2.564665144,217.7260519,7.775930427,6.412857047,70,0,4,42,3,371,427,655,506,391,206.6805556,468.4166667,608.4652778,88.746954,126.69288,183.835868,11577.19985,22847.32915,37399.36503,3.457142857,3.445945946,2.473333333,0.947852761,0.813397129,3.028571429,3.7,2.009202454,2.952579365,2.194256757,1.943637621,1.832203615,15.93333333,8.450920245,56.91732703,26.5533999,199.2295117,169.2928858,110.2990548,7.334352229,7.56256227,7.344413112,7.24953781,5.601625475,5.549338403,1.32051746,146.209581,155.1840873,0.018020303,0.364851447,-8.069387755,-26.4677551,4.078367347,9.324455782,16.16604875,24.74,-107.09,-216.97,-113.27,-512.9454694,-533.542425,-1983.982854,-537.2284234,0.313588624,2.086342122,-9.36238552,-49.05566006,14.03071422,5.58e-05,0.000687905,-0.053795918,0.028602625,-0.444356846,-2.128404437,-3.280528131,0.009982498,0.027941723,0.102878745,0.067132604,0.04965731,0.126015687,-0.108857605,-0.041151734,-0.036588734,-0.043151235,0.027884027,-0.070089247,-0.06568014,0.019156611,-0.081090038,0.119266258,0.12595953,0.052992683,1.319525201,1.017977954,0.90489841,1.119688046,1.1295313,1.459630808,0,0,11,6,8,0,0.0,-2.904688266,13.59242839,38.14594894,19.38639965,27.81888358,2.01631516,0.017155684
