,CCS,AdjacencyMatrix_SpAbs_A,AdjacencyMatrix_SpAD_A,ATSC_ATSC7i,MATS_MATS5dv,MATS_MATS6s,GATS_GATS2c,GATS_GATS8dv,GATS_GATS8d,BCUT_BCUTdv-1l,BalabanJ_BalabanJ,BaryszMatrix_VE2_Dzv,Chi_Xp-0dv,Chi_Xp-1dv,DistanceMatrix_VE2_D,GhoseFilter_GhoseFilter,PEOE_VSA_PEOE_VSA7,MolecularId_MID_C,MolecularId_AMID_N
LMST01010001_14-15,217.2,38.32538106,38.32538106,-16.4193129,-0.009331968,-0.015862187,0.936798687,0.89152835,0.94307284,0.988210528,1.351949733,0.178806234,20.92154061,13.82920376,0.178941395,0,79.44735648,57.5388409,0.071448486
LMST01010013_15-16,218.8,39.29238411,39.29238411,-9.441563055,-0.02590799,0.013413406,0.903942334,0.907763769,0.917702123,0.988210615,1.391672593,0.175892761,21.23899769,13.93757273,0.176002249,0,79.44735648,57.56591777,0.068928657
LMST01010016_1-3,220.5,38.36372294,38.36372294,-34.01841129,0.045971812,0.004635751,0.903368685,1.008454943,1.130927344,0.991550288,1.271776859,0.179218229,20.71443383,13.46317835,0.17941364,0,112.0543802,57.59630745,0.068411066
LMST01010016_14-15,219.9,38.32538106,38.32538106,-12.65055819,-0.000281923,-0.01251573,0.951632389,0.928435338,0.955425909,0.991687809,1.351949733,0.179057181,20.71443383,13.46317835,0.178941395,0,100.2185681,57.5388409,0.071448486
LMST01010017_1-3,231.2,41.03169774,41.03169774,-21.1705799,0.013514835,0.016267975,0.889200979,1.011616112,1.177891529,0.991055906,1.344126055,0.170712555,23.48238302,14.62062531,0.171033942,0,111.048549,62.97139495,0.06218962
LMST01010049_15-16,222.1,39.29238411,39.29238411,-16.44658027,-0.029876339,0.010003814,0.941472309,0.921053851,0.938288751,0.988210719,1.391672593,0.175854212,21.12268212,13.79418159,0.176002249,0,73.52945044,57.56591777,0.068928657
LMST01010069_12-13,210.4,38.32615534,38.32615534,-2.979146218,-0.070802053,-0.017167578,0.942060115,0.926290808,0.879419572,0.988211045,1.387196703,0.178724975,20.71443383,13.54539925,0.178767713,0,79.60547054,57.51658314,0.07193696
LMST01010069_14-15,210.4,38.32538106,38.32538106,-19.83645764,-0.033555152,-0.004813565,0.936758742,0.880232149,0.95741091,0.988210832,1.351949733,0.178724289,20.71443383,13.54539925,0.178941395,0,79.60547054,57.5388409,0.071448486
LMST01010089_12-13,216.8,38.32615534,38.32615534,-2.472769426,-0.06395812,-0.010148962,0.937398928,0.929645951,0.874581516,0.98821063,1.387196703,0.17869183,20.92154061,13.8332574,0.178767713,0,79.44735648,57.51658314,0.07193696
LMST01020003_8-9,291.2,62.319658,62.319658,-25.1570051,0.020734827,0.019344188,1.033629631,1.147404154,1.079736248,0.987139818,0.94663891,0.140098584,33.84501907,22.4701037,0.139996623,0,110.5456334,93.41084072,0.042766959
LMST01020005_23-24,284.5,59.70600899,59.70600899,-22.83938194,0.018580866,0.001318375,1.041938256,1.190064962,1.078296308,0.987139818,1.03361703,0.14253398,32.69031853,21.77561559,0.142370357,0,85.86817811,89.36829529,0.045759944
LMST01020008_5-6,291.2,62.31711622,62.31711622,-25.73514548,0.015068455,0.014135459,1.044062554,1.12822683,1.032023764,0.987139818,0.93029631,0.140208278,33.58550605,22.11993362,0.140097134,0,116.9664551,93.41303607,0.042707839
LMST01020008_8-9,291.2,62.319658,62.319658,-29.85461741,0.015068455,0.013972303,1.044051633,1.140454076,1.087569404,0.987139818,0.94663891,0.140183432,33.58550605,22.11993362,0.139996623,0,116.9664551,93.41084072,0.042766959
LMST01040123_13-14,224.4,40.86197576,40.86197576,-13.69824382,-0.007303313,-0.018815352,0.944205916,0.89310399,0.960160397,0.987225176,1.330615943,0.173597554,22.23937786,14.46139558,0.173647833,0,91.78608415,61.37448566,0.066983229
LMST01040123_3-4,222.7,40.95735924,40.95735924,-17.59778147,-0.0184295,-0.004448449,0.938901921,0.885068935,0.956239792,0.987225176,1.323708621,0.173793368,22.23937786,14.50605378,0.173836611,0,98.20690578,61.40977885,0.065463395
LMST01040129_13-14,225.1,40.86197576,40.86197576,-11.30991449,0.010012042,-0.007901153,0.940599126,0.934002915,0.9862271,0.98722515,1.330615943,0.173515348,22.49889088,14.77789216,0.173647833,0,91.78608415,61.37448566,0.066983229
LMST01080037_8-9,215.8,42.4835997,42.4835997,-21.80663116,-0.020392044,-0.060540808,1.003282469,0.904878703,0.834007353,0.993030192,1.193920803,0.173600379,21.10828068,14.16004103,0.17372128,0,73.52945044,59.10305628,0.067005116
LMST02020021_7-8,176.0,30.23187484,30.23187484,-6.892219805,0.032929699,-0.039425308,0.874084857,1.021399191,0.438342131,0.993462585,1.539003383,0.205249396,14.97641775,10.05807715,0.205477583,1,49.85782625,42.06618618,0.093167465
LMST02030088_9-10,183.3,32.36666102,32.36666102,-5.151596687,-0.021067856,-0.02195289,0.865176026,0.796148364,0.745597736,0.993385024,1.505216825,0.196611706,16.55376802,10.94012232,0.196783028,1,68.61737555,45.98922938,0.08572976
LMST03010001_9-10,219.8,39.3117226,39.3117226,3.328159167,0.000987793,-0.024733546,0.954574984,1.003869396,0.957786075,0.988063124,1.437663,0.176482695,21.16202759,13.36109449,0.176372661,0,85.68149065,58.53644737,0.06920657
LMST03020001_9-10,218.7,37.88921576,37.88921576,-3.838032457,-0.006434907,0.002325514,0.953341132,1.016097019,0.97793721,0.98830074,1.436285178,0.179045538,20.55129712,13.26690747,0.179078916,0,79.76358461,56.71116674,0.071513523
LMST01010014_14-15,221.549,39.44794953,39.44794953,-17.08021908,-0.047141988,-0.009429915,0.964494188,0.881579959,0.96887845,0.988210622,1.370663581,0.175910173,21.23899769,13.94760944,0.176051208,0,79.44735648,57.61021388,0.069086642
LMST01010087_13-14,226.749,40.99059028,40.99059028,-7.87086422,-0.034344411,0.014913718,0.974178722,0.929183862,0.903767465,0.987897749,1.47575459,0.170375287,23.6894898,14.94199251,0.170400541,0,73.02653486,62.85466082,0.065697359
LMST01010088_15-16,223.73,40.0362574,40.0362574,-16.51769089,-0.002743039,-0.013120869,0.868703078,0.888117663,0.945116171,0.993025293,1.32172803,0.175814126,21.07586099,13.97632955,0.176048032,0,85.86817811,57.83308725,0.069143845
LMST01010095_14-15,218.115,38.32538106,38.32538106,-18.57046658,-0.020544131,-0.026709119,0.943180467,0.850964569,0.914381206,0.98821255,1.351949733,0.178976068,20.66202759,13.49587043,0.178941395,0,85.86817811,57.5388409,0.071448486
LMST01010095_4-5,220.441,38.42228919,38.42228919,-28.54911393,-0.019267815,-0.00769933,0.923648562,0.842631147,0.907217931,0.988211223,1.322355268,0.179178234,20.66202759,13.54052862,0.179279673,0,91.78608415,57.5803537,0.069548456
LMST01010096_12-13,218.349,38.3163546,38.3163546,-6.051186281,-0.034861813,0.011156665,0.961728991,0.943872586,0.879344526,0.988210667,1.39645333,0.178657203,20.97394685,13.81318399,0.178717821,0,74.03236601,57.4746308,0.07246272
LMST01010097_11-12,218.883,38.29536933,38.29536933,-28.18696715,-0.036045951,0.008563055,0.964894361,0.861373224,0.875320451,0.988210668,1.403690776,0.17862942,20.97394685,13.81318399,0.178675106,0,74.03236601,57.50020424,0.072434605
LMST01010099_4-5,220.436,38.42228919,38.42228919,-27.20692054,-0.022282382,-0.002347392,0.908632222,0.860561887,0.910540062,0.988210806,1.322355268,0.179115678,20.86913437,13.84522352,0.179279673,0,104.1248118,57.5803537,0.069548456
LMST01010103_22-23,241.908,51.27848978,51.27848978,20.76760841,-0.039463035,0.030412512,0.843485089,0.851599432,1.006027192,0.991082478,1.522425867,0.149538661,27.06178216,15.73920898,0.149695102,0,76.36025644,67.4324565,0.049855605
LMST01010103_7-8,243.091,51.33628213,51.33628213,25.25574905,-0.070976429,0.028531045,0.900897363,0.882634891,1.031512821,0.991082476,1.50108308,0.149668671,27.06178216,15.78386718,0.149892007,0,76.5469439,67.47294002,0.048371233
LMST01010143_1-3,217.088,40.34722583,40.34722583,-24.51908369,0.017985367,0.012111803,0.889739456,0.979928563,1.147462475,0.99145249,1.329706322,0.173312635,22.55973329,14.28729197,0.173642621,0,111.5514646,61.19871397,0.064133059
LMST01010143_13-14,225.948,40.30681426,40.30681426,0.659695335,-0.025495469,0.011056074,0.989832268,0.9341348,0.867118768,0.991560656,1.459761747,0.173201749,22.55973329,14.24263378,0.172991052,0,94.30066204,61.08176495,0.067758618
LMST01010164_15-16,225.131,39.74790033,39.74790033,-16.52234292,0.012037115,-0.023531946,0.849167604,0.987698433,0.935253803,0.988232232,1.344244468,0.176106424,21.23899769,13.92073598,0.176302687,0,92.28899973,57.63195516,0.06914368
LMST01010173_14-15,262.125,52.52017232,52.52017232,-35.64299693,0.035226655,0.046738626,1.01225089,0.950314593,1.072064045,0.988208009,1.150223697,0.152937383,26.67353611,17.34621997,0.152994138,0,79.44735648,70.50169946,0.052483399
LMST01010178_17-18,231.551,46.34361568,46.34361568,1.365104501,-0.031768901,0.042903174,0.805062854,0.909959635,0.907778226,0.99333092,1.524319306,0.159023582,23.33896373,14.40532617,0.159181314,0,70.12612228,58.0896124,0.056465953
LMST01010207_12-13,223.888,40.12067493,40.12067493,-21.36924877,-0.060787965,0.011558272,0.941951296,0.941580112,0.933463042,0.987937343,1.418696244,0.173127527,22.71443383,14.59411108,0.173166438,0,78.44152533,61.13593901,0.067415792
LMST01010226_12-13,225.854,40.80717892,40.80717892,-9.447977741,-0.013736193,-0.014887242,0.937088666,1.010399596,0.899554707,0.991688307,1.413358575,0.173282457,21.62268212,13.86636427,0.173007274,0,88.38275599,59.59476616,0.067967704
LMST01010226_1-3,231.9,40.85553014,40.85553014,-35.74962451,0.025734613,-0.010048341,0.870740222,0.946990764,1.160854232,0.991550217,1.286980186,0.17340256,21.62268212,13.91102247,0.173665866,0,106.1364741,59.71763614,0.064135437
LMST01010249_12-13,221.177,41.05729151,41.05729151,2.618662984,-0.104032634,0.051369323,0.966432752,0.88243377,0.840774171,0.988210966,1.329297208,0.173024663,21.49254545,14.07678728,0.173048224,0,61.69363835,57.68016059,0.067294068
LMST01010286_14-15,214.407,38.68897505,38.68897505,7.978643694,-0.054279575,-0.035422166,0.919461959,0.842951729,0.852050729,0.988242412,1.28312737,0.179113057,20.71443383,13.75767211,0.179280379,0,97.7039902,57.79729254,0.07144813
LMST01010403_11-12,223.286,49.28356432,49.28356432,-6.829828587,-0.002369293,-0.010261052,1.217130316,0.794341837,0.861981361,0.993055259,1.053661314,0.161480205,23.1888676,15.13493256,0.161749592,0,38.52492974,61.82136103,0.058199857
LMST01010411_19-20,264.912,60.7076546,60.7076546,15.23837164,0.000158435,0.036888896,0.915942317,0.936077805,1.124073843,0.991074659,1.358375932,0.138533948,31.04968732,18.49410157,0.138758554,0,70.62903785,76.21660445,0.042897332
LMST01010413_14-15,228.618,47.62903796,47.62903796,-9.842887958,-0.048872061,-0.045593408,0.764640506,0.839589168,0.847771507,0.991586887,1.542751078,0.157004707,24.84951773,14.85465168,0.156975035,0,42.93408905,63.52851518,0.055436468
LMST01010434_14-15,265.205,57.67858744,57.67858744,-22.92511638,-0.050062003,-0.041769201,0.929853886,0.916911208,1.02653032,0.988240738,1.266548331,0.144276212,27.88751112,17.10408887,0.144485671,0,57.44259309,70.66973015,0.047197227
LMST01010442_8-9,294.735,66.97898988,66.97898988,-37.98720357,0.050473931,-0.022465383,0.824697901,1.058155123,1.086115082,0.987520111,1.095918843,0.133488378,35.4208014,22.72797261,0.133409666,0,119.2943455,93.62840519,0.038806952
LMST01010469_15-16,223.642,44.18340819,44.18340819,-8.689155503,-0.048308317,-0.034944683,0.797535412,0.872236566,0.966930746,0.991787409,1.501470711,0.163323973,22.50537895,13.60128402,0.163586872,0,65.37216144,57.83325793,0.060267811
LMST01010495_9-10,246.177,49.85845623,49.85845623,-1.127677047,-0.010558617,-0.042302765,0.990099277,1.101460536,0.770252417,0.991688249,1.224053089,0.154839602,25.74971001,15.97119203,0.155157684,0,76.04402832,66.91236364,0.053757094
LMST01030094_13-14,221.82,39.74867414,39.74867414,6.438991379,-0.053395943,-0.030276541,0.937652168,0.912689834,0.826925746,0.98800036,1.37890927,0.176176733,21.53227108,13.92744442,0.176137635,0,85.36526253,59.34186214,0.069616351
LMST01030094_5-6,220.531,39.82218028,39.82218028,-20.32379928,-0.016847876,0.004949376,0.926022373,0.867139637,0.900681187,0.987998739,1.326836541,0.176388123,21.53227108,13.97210262,0.17655567,0,91.78608415,59.40598915,0.067289399
LMST01030096_15-16,225.699,39.74790033,39.74790033,-5.484853536,0.011254472,-0.025344431,0.93464064,0.906778139,0.940649187,0.987997558,1.344244468,0.176164961,21.7917841,14.23988736,0.176302687,0,85.36526253,59.36411815,0.06914368
LMST01030100_0-1,234.99,40.93491345,40.93491345,-27.06239533,0.022043828,0.030864206,0.923092006,0.994305162,1.11112534,0.988141439,1.288916631,0.173653415,22.2917841,14.42322633,0.173896476,0,97.7039902,61.32409327,0.06401207
LMST01030100_10-11,229.013,40.85748877,40.85748877,3.412820428,-0.038819481,-0.006923056,0.938598752,0.933864895,0.889285714,0.988138595,1.392578737,0.173380825,22.2917841,14.34831138,0.173384685,0,91.78608415,61.18819789,0.067430307
LMST01030110_1-3,228.775,39.65758466,39.65758466,-23.02744151,0.072177216,-0.006006968,0.905946534,1.010304105,1.101313219,0.991495493,1.279469232,0.176549868,21.63708356,13.82515012,0.176710173,0,118.9781174,59.40430076,0.066063532
LMST01030114_15-16,222.612,39.74790033,39.74790033,-7.613046514,-0.000981251,-0.036875206,0.93742269,0.866496758,0.913541321,0.988000294,1.344244468,0.17628915,21.53227108,13.92339078,0.176302687,0,85.36526253,59.36411815,0.06914368
LMST01030114_5-6,219.76,39.82218028,39.82218028,-17.60568612,0.000415352,-0.012855821,0.931263489,0.85837207,0.907554575,0.987998815,1.326836541,0.176483694,21.53227108,13.96804898,0.17655567,0,91.78608415,59.40598915,0.067289399
LMST01030118_12-13,224.33,39.71828197,39.71828197,-17.252721,-0.014771393,-0.00060415,0.962520974,0.892600738,0.917720789,0.987997647,1.395494614,0.1759947,21.84419034,14.2238676,0.17604489,0,79.95027206,59.32548536,0.070097846
LMST01030138_16-17,225.552,41.64472088,41.64472088,-0.917214432,0.001397804,-0.027265039,0.92962472,0.876907281,0.889625266,0.987999927,1.231049987,0.173569955,22.23937786,14.73988736,0.173714196,0,103.6218962,61.62442692,0.066983094
LMST01030139_0-1,223.375,40.93491345,40.93491345,-21.22049414,0.031495247,0.016388128,0.913404643,1.036902656,1.115478064,0.988141186,1.288916631,0.173678986,22.49889088,14.7238676,0.173896476,0,110.0427179,61.32409327,0.06401207
LMST01031018_18-19,183.863,32.37712324,32.37712324,6.547108899,-0.045781498,-0.010323143,0.928008933,1.159501857,0.559631821,0.993384956,1.547645812,0.196975649,16.23034566,10.50887303,0.196584048,1,63.36049914,45.97442835,0.08607518
LMST01031021_1-2,227.837,41.8019794,41.8019794,-35.13765024,0.003521168,0.016975523,0.925549872,0.872705337,0.909645613,0.987892597,1.35399818,0.171188055,23.53227108,15.06628964,0.17130722,0,110.5456334,63.06525703,0.063169638
LMST01031048_4-5,215.818,39.0577061,39.0577061,-17.61528855,0.004840157,-0.01059396,0.931772275,0.821413816,0.833879954,0.987497737,1.334616302,0.179282898,20.66202759,13.59537018,0.17939087,0,92.28899973,57.57519006,0.069479761
LMST01031049_14-15,216.932,38.98237717,38.98237717,-1.479993837,-0.00996299,-0.043000749,0.93893694,0.829171574,0.841768581,0.987498523,1.364253676,0.179096754,20.66202759,13.55071198,0.179067774,0,79.44735648,57.53214677,0.071448414
LMST01031081_0-1,230.666,39.84391458,39.84391458,-21.17809783,0.039421587,0.010165307,0.907190045,1.005273424,1.067182902,0.988241245,1.278189064,0.176415371,21.62864739,14.29634724,0.176651715,0,110.5456334,59.47796738,0.066076983
LMST01031101_14-15,228.785,41.55740536,41.55740536,-10.01719454,0.012676385,0.014095843,0.888598857,0.930495337,0.972108285,0.988239539,1.418586948,0.170969901,21.68062618,13.68280733,0.170960438,0,92.60522785,59.43843495,0.064632908
LMST01031169_16-17,237.735,46.31514153,46.31514153,-26.23098145,0.01153071,0.005883485,0.842465547,1.01672451,0.970338691,0.987944412,1.469839274,0.161351298,24.56103209,15.44992896,0.161511723,0,78.94444091,63.52500534,0.056410247
LMST01031221_1-10,231.144,44.14994073,44.14994073,-29.5520873,-0.020981555,-0.028654516,0.830658121,0.968327925,0.995124128,0.987965301,1.487851066,0.163738088,24.03666841,14.98210776,0.163830766,0,74.53528159,61.33696687,0.058974723
LMST01031229_22-23,254.766,56.63508074,56.63508074,-5.172406065,-0.021621512,0.005357467,0.941996952,0.977388604,1.13114828,0.991472698,1.363009533,0.146246123,28.17272849,17.52521875,0.146273788,0,75.03819717,72.52126782,0.047941076
LMST01031248_0-1,232.358,41.66841076,41.66841076,-25.80321679,-0.029492898,0.037354205,0.829653987,0.924568042,1.015476687,0.988142377,1.332010143,0.171019967,22.60924118,14.49700322,0.171167015,0,103.7800103,61.25345765,0.062071269
LMST01031264_0-1,233.96,40.79502192,40.79502192,-17.40350242,0.048510386,0.078682409,0.870691348,0.984004196,1.006273764,0.988242245,1.315827794,0.173886802,21.62268212,13.92203808,0.173838159,0,86.02629217,59.41691519,0.064011475
LMST01031264_17-18,229.329,40.76684721,40.76684721,-8.597549702,-0.013015272,0.048286928,0.924658055,0.971343212,0.993805875,0.988238488,1.365486992,0.173537944,21.62268212,13.89178132,0.173501424,0,92.28899973,59.34937215,0.065697378
LMST01040122_13-14,232.288,40.86197576,40.86197576,-11.30991449,0.010012042,-0.007901153,0.940599126,0.934002915,0.9862271,0.98722515,1.330615943,0.173515348,22.49889088,14.77789216,0.173647833,0,91.78608415,61.37448566,0.066983229
LMST01040133_11-12,229.629,40.8627478,40.8627478,2.550164469,-0.039100722,-0.002656214,0.941185441,0.95685314,0.906199125,0.98722515,1.364237998,0.173414715,22.49889088,14.7819458,0.173491687,0,91.78608415,61.35219736,0.067441942
LMST01040142_13-14,229.178,40.86197576,40.86197576,-10.5249327,0.011130416,-0.009048516,0.944128366,0.926645208,0.996258895,0.987228647,1.330615943,0.173655855,22.2917841,14.4672142,0.173647833,0,92.28899973,61.37448566,0.066983229
LMST01040142_2-3,230.907,40.91672996,40.91672996,-8.43537333,0.043412302,0.018466169,0.935980828,0.941218162,0.993682206,0.987228641,1.302220323,0.173890689,22.2917841,14.4672142,0.173969037,0,91.78608415,61.39357491,0.065501915
LMST01040148_10-11,235.454,41.92013855,41.92013855,-17.28076776,-0.013325933,0.021653527,0.973872513,0.93937047,0.986032458,0.987225149,1.391899738,0.170745759,23.42154061,15.18939275,0.170778046,0,85.86817811,63.181896,0.065848762
LMST01040150_3-4,230.279,42.04865599,42.04865599,-16.34655479,-0.025959296,0.005913917,0.930444889,0.940741669,1.010377845,0.987225176,1.33223579,0.171118174,23.31672813,15.23826904,0.171225372,0,110.0427179,63.25590627,0.063479624
LMST01040242_11-12,234.78,41.97187185,41.97187185,-6.871954137,-0.039634526,0.008073348,0.946549977,0.961597474,0.933006248,0.987225149,1.37781338,0.170801633,23.36913437,15.20946616,0.170858087,0,91.28316858,63.19853336,0.065388032
LMST01040270_15-16,232.393,42.47997369,42.47997369,-6.599985632,-0.019044148,0.014829432,0.834088956,0.912677305,0.97506828,0.98722515,1.398531912,0.168387457,23.18621129,14.93316457,0.168488991,0,99.21273693,61.41291533,0.062845925
LMST01040272_21-22,250.032,50.96093048,50.96093048,13.2127781,-0.042332656,0.022077359,0.875846962,0.904074686,0.914186494,0.991799793,1.369206994,0.151901836,25.31859701,15.43346661,0.151994944,0,64.20821623,62.57666476,0.051088517
LMST01050016_4-5,230.32,42.26127257,42.26127257,-17.71337245,-0.065994414,0.005016323,0.946558334,0.954687057,1.061066098,0.988640108,1.331108177,0.168906982,23.66202759,14.8335685,0.168869525,0,98.20690578,65.01411712,0.06166656
LMST01060005_11-12,219.483,39.06219552,39.06219552,-37.84402302,-0.02534014,-0.002008384,0.945204269,0.80646813,0.858778626,0.988140307,1.355643957,0.176270885,21.58467732,13.89651733,0.176287374,0,92.79191531,59.36130287,0.069143541
LMST01060021_11-12,238.463,49.11659094,49.11659094,-16.21533945,0.015254688,-0.060010445,0.886446354,1.006181862,0.897692707,0.987905652,1.390183791,0.157235257,25.98368182,16.2999346,0.15735081,0,73.02653486,67.51609537,0.054792932
LMST01070025_12-13,216.36,40.20035113,40.20035113,4.656726865,-0.058080095,-0.02305002,0.960834568,0.940771113,0.814560703,0.988233874,1.299326756,0.176305061,20.68062618,13.57564392,0.176459594,0,73.02653486,56.35670423,0.069163369
LMST01080011_8-9,220.71,43.34769418,43.34769418,-23.54641714,-0.008800958,-0.04479235,0.95022967,0.873458659,0.842037034,0.993030192,1.198301551,0.170935804,21.42573776,14.25157326,0.171094107,0,67.10862881,59.18139009,0.064975323
LMST01080039_14-15,225.051,44.28713926,44.28713926,-22.98881514,-0.001040626,-0.056619366,0.901974898,0.918310085,0.840310333,0.993040073,1.194406612,0.16847312,21.74319485,14.34310548,0.168651462,0,54.76990115,59.26255617,0.063064318
LMST01080045_13-14,216.447,42.4835997,42.4835997,-21.80663116,-0.020392044,-0.060540808,1.003282469,0.904878703,0.834007353,0.993030192,1.193920803,0.173600379,21.10828068,14.16004103,0.17372128,0,73.52945044,59.10305628,0.067005116
LMST01090001_8-9,218.092,43.33630696,43.33630696,-0.780224056,-0.014806451,-0.032591056,0.93549064,0.900003889,0.810027138,0.993053281,1.192070803,0.170741581,21.47814401,14.20497774,0.171150912,0,74.53528159,59.10291227,0.064974464
LMST01100001_0-1,238.848,43.34612102,43.34612102,11.86722597,0.021654603,0.009837461,0.899507914,1.088755092,1.167930023,0.987970302,1.227455024,0.168396695,23.97394685,15.48825124,0.168600738,0,114.9547928,65.36491322,0.060244725
LMST01100011_0-1,237.631,42.6524369,42.6524369,6.509690864,0.031158225,0.007272915,0.899926926,1.060526482,1.139551213,0.988143815,1.216706012,0.170877113,23.05129712,15.15491791,0.171095362,0,115.4577083,63.59219531,0.062070335
LMST01100056_0-1,259.498,50.11647899,50.11647899,-20.55645293,0.04428804,0.010863257,0.753613177,1.084400119,0.973038012,0.993028368,1.299780308,0.154932233,25.9633624,16.30145932,0.155172261,0,117.4693706,68.0807818,0.05045709
LMST01110005_12-13,229.542,41.27012216,41.27012216,-16.52247455,-0.003629155,-0.010707648,0.941800454,0.874043167,0.906454449,0.988159231,1.217879114,0.173604624,22.08467732,14.43519246,0.173742657,0,92.79191531,61.75706387,0.066983385
LMST01120001_17-18,201.635,38.06371093,38.06371093,3.997925362,0.020158525,-0.016912209,0.905148691,0.860734571,0.877567035,0.993459013,1.330822573,0.182451636,18.32344347,12.25409872,0.18267872,1,80.95610321,50.75431248,0.073233427
LMST01120002_18-19,206.086,39.89096549,39.89096549,8.465415349,-0.00298609,-0.038985619,0.842984191,0.890785234,0.836657724,0.99345978,1.397916585,0.176475855,18.95835764,12.44719987,0.176671372,0,61.69363835,50.86056534,0.06847144
LMST01120004_22-23,202.203,39.46946366,39.46946366,5.890692247,5.67e-06,0.06832173,0.891921317,0.959629163,0.853503494,0.993591378,1.341352464,0.179429185,18.30904203,12.27847612,0.179605041,1,75.54111274,51.034009,0.070794589
LMST01120008_18-19,200.324,39.08357321,39.08357321,5.599881242,0.009656135,-0.043925291,0.870355551,0.802991795,0.82860334,0.993459773,1.368508578,0.179389506,18.64090055,12.35566765,0.179592647,1,74.53528159,50.79880903,0.070781552
LMST01120027_14-15,201.095,38.67146271,38.67146271,-9.476031377,0.028461585,-0.013857187,0.858124197,0.894051842,0.921393576,0.993462331,1.274652091,0.182320899,18.00002111,12.01203685,0.18240627,1,62.19655392,50.97395414,0.074039109
LMST01130002_30-31,217.276,43.61153052,43.61153052,-15.63436081,0.013746116,0.009666871,0.806469499,0.952771374,0.674050633,0.99338551,1.410451015,0.168828274,20.71228555,13.10347066,0.168471624,0,69.41721317,56.74040724,0.062851872
LMST01130003_6-7,207.738,39.53962626,39.53962626,-13.81548639,0.071649485,-0.003152926,0.811662407,1.070266873,0.844171664,0.993462347,1.306134393,0.179616791,18.56393044,12.18172278,0.17938109,1,74.32928806,52.82243522,0.071141192
LMST01150004_13-14,220.33,42.4835997,42.4835997,-21.26546674,-0.01794863,-0.058499694,0.965257437,0.921154914,0.836303828,0.993030173,1.193920803,0.173612301,21.20003239,14.27079514,0.17372128,0,79.95027206,59.10305628,0.130811682
LMST01160004_1-2,232.091,42.8280267,42.8280267,-22.96875888,-0.00731965,-0.043272234,1.023794117,1.03094741,1.009504251,0.993033651,1.20827891,0.171638571,21.70750806,13.91584292,0.171496655,0,98.36501984,60.37713533,0.063165482
LMST01160004_17-18,227.79,42.94609024,42.94609024,-15.27674839,-0.011365289,-0.027499942,0.967052711,1.047769972,0.958984443,0.993050842,1.229271684,0.171435938,21.70750806,13.96050111,0.171375478,0,87.37692484,60.36476943,0.064692459
LMST01160005_14-15,221.902,42.01849384,42.01849384,-28.33942476,-0.007943359,-0.02883666,0.985363602,1.033334103,0.956405943,0.993042177,1.230052691,0.173885688,20.73245208,13.58479824,0.173904217,0,92.95002937,58.52151089,0.066714102
LMST01160007_14-15,222.857,42.01849384,42.01849384,-29.76757636,0.004828959,-0.021209585,0.974873923,1.00973277,0.947540277,0.993042177,1.230052691,0.173839142,20.99196511,13.88122142,0.173904217,0,86.37109368,58.52151089,0.066714102
LMST01160023_1-2,227.16,45.11651866,45.11651866,-23.04832489,-0.019016963,0.018482111,0.968263893,1.037036322,1.042170337,0.993033652,1.295432327,0.166661247,22.13531544,13.79571354,0.166607389,0,75.69922681,60.39478586,0.059553948
LMST02010024_5-6,167.466,29.33135838,29.33135838,18.85728376,-0.008029307,-0.012427872,0.725688431,1.216885553,0.568789809,0.993592159,1.527076754,0.20954613,13.54876325,8.991349047,0.209903044,1,48.94292361,40.29488324,0.098110809
LMST02020005_7-8,174.537,30.23187484,30.23187484,-10.37146616,0.029604091,-0.041361251,0.828886434,0.855984056,0.475126006,0.993462312,1.539003383,0.204950017,15.09273332,10.20552193,0.205477583,1,61.69363835,42.06618618,0.093167465
LMST02020010_3-4,184.252,31.89876323,31.89876323,-0.642892564,-0.003606912,0.007261209,0.89289796,0.929444026,0.811420419,0.993042588,1.558089007,0.196989498,16.76931097,10.85165231,0.197190349,1,68.11445997,45.71089314,0.08528555
LMST02020012_8-9,177.046,30.91897546,30.91897546,-7.191253215,0.049625264,-0.041721695,0.809559373,0.975002046,0.71996346,0.993394816,1.541043312,0.200724649,16.01538306,10.5775598,0.201188026,1,68.61737555,43.88201876,0.089285296
LMST02020103_7-8,174.853,30.23187484,30.23187484,-6.892219805,0.032929699,-0.039425308,0.874084857,1.021399191,0.438342131,0.993462585,1.539003383,0.205249396,14.97641775,10.05807715,0.205477583,1,49.85782625,42.06618618,0.093167465
LMST02030089_10-11,187.856,33.39833164,33.39833164,-6.25171199,0.00409572,-0.025100611,0.868578295,0.993345967,0.861178725,0.993385481,1.523353271,0.192859066,16.92363135,11.03168395,0.193107129,1,63.20238508,45.997885,0.082428513
LMST02030129_19-20,226.711,44.38926114,44.38926114,-11.24834682,0.017502271,0.01152587,0.945416636,1.207553896,1.011311481,0.987700272,1.329818806,0.165374265,21.97680334,14.09776207,0.165485239,0,56.27864788,58.02962398,0.06098305
LMST02030178_25-26,196.521,36.76873239,36.76873239,-26.05870736,-0.045391137,-0.030954675,0.90224095,0.971098212,0.80868485,0.993055279,1.562224853,0.182640033,17.8898237,11.28070336,0.182776258,0,50.51885589,48.11978584,0.07346511
LMST02030215_0-1,225.271,39.29939831,39.29939831,-16.18494195,0.027854874,-0.003466344,0.909828407,1.090404394,0.870279437,0.99331838,1.412983141,0.175588544,20.19310662,12.97620826,0.176059802,0,79.95027206,53.98364661,0.065601461
LMST02030251_5-6,187.098,35.58141529,35.58141529,-30.6698004,-0.057559873,-0.038812464,0.763067653,0.752193923,0.75405717,0.993053846,1.596718526,0.185240428,17.19673819,10.77026028,0.185980897,1,37.33241113,46.16408189,0.076619787
LMST02030251_7-8,186.821,35.53463314,35.53463314,-4.595256729,-0.090760268,-0.039652662,0.821807303,0.897440919,0.657346176,0.993056003,1.641230093,0.185233009,17.19673819,10.72560208,0.185825664,1,44.60094984,46.09951688,0.07746245
LMST02030252_10-11,192.636,35.16205647,35.16205647,-24.1707018,0.010515058,-0.060519408,1.104497587,1.036796985,0.626237714,0.993045711,1.561051673,0.188770611,17.50883744,11.00881228,0.189090206,1,43.93992021,47.85118407,0.079269349
LMST02030260_3-4,189.437,33.48465236,33.48465236,-8.779165475,-0.010838662,-0.069785526,0.909922666,0.93725159,0.984985528,0.993388453,1.51190256,0.19312882,16.28828972,10.30996514,0.19298833,1,47.65947649,46.06351103,0.081719376
LMST02030271_9-10,192.337,35.88575879,35.88575879,-11.01353628,-0.014006326,-0.032891131,0.837147841,1.000362502,0.927489635,0.993462481,1.527838296,0.185657156,17.39540881,11.30385101,0.185954713,0,49.85782625,46.28761737,0.076227431
LMST03010031_7-8,215.391,39.91166834,39.91166834,1.344338761,0.026539125,-0.000907973,0.854554239,0.955631399,1.103557235,0.991503029,1.396863295,0.173808301,21.53189091,13.38534255,0.173986378,0,93.611059,58.65083728,0.066599996
LMST03010031_9-10,212.336,39.91059445,39.91059445,1.784715935,0.015657147,0.001217696,0.856541106,0.990479115,1.001739004,0.991503046,1.432851788,0.173764418,21.53189091,13.38534255,0.173746009,0,87.69315296,58.63383401,0.067043898
LMST03010041_4-5,217.259,40.77496988,40.77496988,2.911214413,0.004231771,0.001885028,0.820486324,1.022916667,1.009923664,0.991503065,1.440876171,0.171105025,21.849348,13.48691148,0.171156552,0,80.42461424,58.72218537,0.065012901
LMST03020001_0-1,228.419,37.99079328,37.99079328,-17.14973169,0.044463897,0.040842051,0.941736869,1.086357543,1.307471264,0.988299645,1.346706196,0.178947308,20.55129712,13.34182243,0.179425781,0,73.18464892,56.84008192,0.069135374
LMST03020001_7-8,222.687,37.89030036,37.89030036,-5.553536934,0.005037447,-0.004149914,0.948948934,0.994610265,1.080738217,0.98830072,1.399249357,0.179092326,20.55129712,13.26690747,0.179338277,0,85.68149065,56.72817171,0.071040002
LMST03020004_0-1,189.961,34.57527284,34.57527284,-1.500104261,-0.038537636,-0.033885638,0.903336178,0.978696198,1.359577372,0.993582256,1.426400868,0.189108623,16.65530199,10.72409107,0.189934004,1,43.43700463,45.62963765,0.076740924
LMST03020007_2-3,190.112,34.48034611,34.48034611,5.246170436,-0.020418395,-0.071557849,0.843653294,0.949593488,1.038023743,0.993050875,1.490870204,0.189490482,17.15568215,10.96631487,0.189788167,1,55.43093078,47.26995,0.078933995
LMST03020009_4-5,190.268,32.7948342,32.7948342,9.522580505,-0.022330685,0.005651603,0.867119491,1.059898143,0.790413969,0.988485106,1.526054499,0.193100284,17.17008359,10.97462954,0.193373028,1,66.57713984,46.96383338,0.08248401
LMST03020011_2-3,195.13,34.48034611,34.48034611,7.356196549,-0.019797397,-0.060714728,0.832773992,0.96850975,1.03607402,0.993043619,1.490870204,0.189239589,17.32440397,11.12175533,0.189788167,1,61.34883683,47.26995,0.078933995
LMST03020011_4-5,193.601,34.4795842,34.4795842,12.25573933,-0.009636106,-0.04300679,0.835496058,1.089656005,0.813847262,0.993043617,1.521521278,0.189191975,17.32440397,11.12175533,0.189566346,1,66.57713984,47.2558946,0.079445492
LMST03020013_2-3,196.711,36.13758852,36.13758852,9.971067923,-0.023770948,-0.006433155,0.677763195,0.898816015,0.994178922,0.993043615,1.468695346,0.182504723,18.23265226,11.5868119,0.182885744,1,61.34883683,49.42984113,0.07349215
LMST03020013_4-5,194.026,36.13682052,36.13682052,10.97577361,-0.013360531,0.012430552,0.678352556,0.980346807,0.86627722,0.993043612,1.501769225,0.182454718,18.23265226,11.5868119,0.182652645,1,66.57713984,49.41556058,0.073975512
LMST03020322_2-3,211.887,40.83499283,40.83499283,6.508801403,-0.02470153,-0.031430179,0.812538956,0.945831733,1.04642105,0.991758548,1.369783537,0.170834138,21.68621129,13.54935442,0.171060477,0,88.03795447,58.90760054,0.064585024
LMST03020322_4-5,217.152,40.83423656,40.83423656,6.114796994,-0.016067342,-0.013065008,0.814745085,1.030748915,0.948616601,0.991758582,1.399536371,0.170788449,21.68621129,13.54935442,0.170857668,0,93.26625749,58.89317241,0.065013645
LMST03020330_2-3,233.782,41.11947,41.11947,0.4494736,0.01103932,-0.006725184,0.967763859,0.972686822,1.154038103,0.991702843,1.389170166,0.170747241,22.19965223,13.77145339,0.171205673,0,81.61713285,58.73964735,0.064584973
LMST03020330_4-5,221.914,41.11870245,41.11870245,1.076163461,0.017328461,0.013975196,0.972372147,1.031292415,1.049208508,0.991702871,1.419793844,0.170703301,22.19965223,13.77145339,0.170998482,0,86.84543587,58.72522628,0.065013399
LMST03020336_4-5,218.832,39.32551111,39.32551111,8.581092321,-0.042686101,0.03057265,0.840089389,1.013885089,1.045101967,0.991642385,1.43459226,0.173504478,21.79140394,13.70183913,0.173619743,0,99.18416353,58.65518598,0.067044634
LMST03020339_4-5,219.928,41.11870245,41.11870245,-8.381741481,-0.003773862,0.004699533,0.843476697,1.045976046,1.056954844,0.991745166,1.419793844,0.170839171,21.94572431,13.82886211,0.170998482,0,78.41295194,58.86541955,0.065013399
LMST03020340_4-5,216.895,40.9124487,40.9124487,7.557468834,0.006877192,-0.00154238,0.815130681,0.980276531,1.070862144,0.991756332,1.435442002,0.170740332,21.94572431,13.84896492,0.170945796,0,93.26625749,58.93043088,0.065030453
LMST03020341_4-5,216.849,40.9124487,40.9124487,7.557468834,0.006877192,-0.00154238,0.815130681,0.980276531,1.070862144,0.991756332,1.435442002,0.170740332,21.94572431,13.84896492,0.170945796,0,93.26625749,58.93043088,0.065030453
LMST03030001_0-1,232.419,39.41334682,39.41334682,-6.070459226,0.068727167,0.026685579,0.938260805,1.0808755,1.276331897,0.988059336,1.35075406,0.176273709,21.42154061,13.75250603,0.176690263,0,79.10255497,58.66536061,0.066905198
LMST03030001_9-10,218.576,39.3117226,39.3117226,7.165193777,0.020132009,-0.009222731,0.949789157,1.014386894,0.964179433,0.988060061,1.437663,0.176362589,21.42154061,13.67759107,0.176372661,0,85.68149065,58.53644737,0.06920657
LMST03040002_0-1,239.332,40.52740526,40.52740526,-12.04275387,0.065677861,0.048536334,0.943169317,1.096115094,1.320042032,0.987225151,1.348455749,0.17360266,22.12864739,14.29051083,0.173969505,0,85.52337659,60.67570157,0.064814449
LMST03040002_9-10,227.307,40.42581221,40.42581221,1.122547535,0.019222522,0.011461755,0.954632583,1.032537176,1.01001778,0.987225151,1.431921439,0.17368147,22.12864739,14.21559587,0.17367624,0,92.10231227,60.54675267,0.067045021
LMST03050001_0-1,231.991,40.52740526,40.52740526,-15.49382135,0.041554831,0.038783343,0.948967203,1.063048673,1.326566724,0.987225176,1.348455749,0.17367748,21.86913437,13.97401425,0.173969505,0,85.52337659,60.67570157,0.064814449
LMST03050001_9-10,223.817,40.42581221,40.42581221,-2.951075884,-0.005759996,-0.002594218,0.960144936,1.020236606,1.003954146,0.987225176,1.431921439,0.173761251,21.86913437,13.89909929,0.17367624,0,92.10231227,60.54675267,0.067045021
LMST03060001_7-8,228.548,39.31279667,39.31279667,5.492837074,0.031417252,-0.016190783,0.945487253,0.994894427,1.067073661,0.988060048,1.400900665,0.176406699,21.42154061,13.67759107,0.176623908,0,91.5993967,58.55345066,0.068748376
LMST03060001_9-10,226.624,39.3117226,39.3117226,7.165193777,0.020132009,-0.009222731,0.949789157,1.014386894,0.964179433,0.988060061,1.437663,0.176362589,21.42154061,13.67759107,0.176372661,0,85.68149065,58.53644737,0.06920657
LMST04010142_21-22,196.199,36.22037585,36.22037585,-3.776725869,-0.037563891,-0.005234429,0.684624261,1.077275124,0.712790527,0.993043435,1.438169663,0.185357622,18.67508836,12.48288049,0.185385424,1,74.03236601,52.06573297,0.076880604
LMST04010144_9-10,193.39,36.25908648,36.25908648,-30.55933375,-0.00105908,0.003097165,0.679756484,0.938941602,0.705356621,0.993043551,1.437196556,0.185279528,18.67508836,12.48288049,0.185323462,1,74.03236601,52.08483597,0.076801103
LMST04010214_15-16,210.853,38.28607532,38.28607532,-21.86621724,0.006357079,-0.021719784,0.723163862,1.137730922,0.935296526,0.993043452,1.407913059,0.178946156,19.31000253,12.66594494,0.179150371,0,86.37109368,52.19636202,0.071029883
LMST04010218_24-25,208.346,38.26940144,38.26940144,-5.340599343,-0.00607494,-0.030833277,0.685332335,1.118197279,0.787322079,0.993043446,1.433827782,0.178911544,19.31000253,12.65590824,0.179074943,0,79.95027206,52.18276651,0.071225998
LMST04010220_12-13,207.813,38.42275793,38.42275793,-24.60872604,-0.014445948,-0.060702118,0.642793785,0.980768075,0.777220427,0.993041321,1.44668551,0.178881496,19.25759629,12.68196471,0.179031806,0,79.44735648,52.22601906,0.071063662
LMST04010227_14-15,207.598,39.29346238,39.29346238,-2.033661061,-0.009866125,-0.03224941,0.679419619,1.02679975,0.765525448,0.993043446,1.473987992,0.176014726,19.62745961,12.75747716,0.176161296,0,73.52945044,52.22828858,0.068922428
LMST04010230_2-3,206.487,38.43138783,38.43138783,-30.60067028,-0.004538291,-0.061258158,0.701190846,0.980066344,0.750447179,0.993062523,1.39234853,0.179177141,19.25759629,12.69200141,0.179405785,0,91.78608415,52.23925611,0.069180008
LMST04010235_14-15,207.916,37.34400746,37.34400746,-24.75512781,0.013605442,-0.0202288,0.709286664,1.227119594,0.939937256,0.993043457,1.373311892,0.182104264,18.61671685,12.10448829,0.182192437,1,79.60547054,52.15549009,0.07361431
LMST04010466_19-20,231.709,43.39805429,43.39805429,-39.24927721,-0.016726506,-0.070221552,0.95677844,1.093755059,0.886671664,0.993048627,1.441646178,0.168047957,21.50497859,13.22880954,0.168158968,0,74.69339565,58.02651581,0.061917836
LMST04010466_4-5,230.831,43.40506802,43.40506802,-40.4174813,-0.016014079,-0.069022312,0.987414737,1.042450894,0.786477731,0.993062523,1.437670629,0.168236293,21.50497859,13.22880954,0.168365688,0,67.92777251,58.01339305,0.061314584
LMST04020042_12-13,212.972,39.74790033,39.74790033,4.281599443,0.015090244,0.014182525,0.676991231,0.876398422,0.873551724,0.993032697,1.344244468,0.176139052,20.56989572,13.46825957,0.176302687,0,86.37109368,55.99243888,0.06914368
LMST04030105_26-27,222.044,40.88076916,40.88076916,-15.71446238,-0.008841839,0.021531674,0.799522313,0.924553349,1.021699285,0.991703968,1.394360892,0.170695635,21.81000253,13.89992517,0.170778033,0,80.95610321,57.70879163,0.064613432
LMST04030145_1-2,224.251,40.85146756,40.85146756,-30.33231655,0.009697077,0.005865004,0.753543464,0.975586587,1.098526886,0.993035111,1.251325162,0.173700336,21.2770025,13.9456042,0.173893585,0,110.5456334,58.02482592,0.064869142
LMST04030174_16-17,226.053,40.71528463,40.71528463,-9.75598004,-0.008594594,-0.010798685,0.843771941,0.990831326,0.906292483,0.988232319,1.382734737,0.173323553,21.55645478,14.02910496,0.173496484,0,92.28899973,57.659045,0.066774625
LMST04030214_11-12,234.347,46.58844521,46.58844521,-17.14643007,0.01805248,0.002617161,0.791805038,1.032647355,1.022776107,0.993035827,1.390057618,0.160979824,23.79502075,14.98378705,0.161084368,0,86.02629217,64.05004669,0.057715984
LMST04030214_15-16,228.363,46.613827,46.613827,-17.78800656,0.001756094,-0.000427944,0.78364826,1.014636064,1.017833184,0.993035771,1.386675411,0.160975521,23.79502075,15.02844525,0.161092888,0,92.44711379,64.09751129,0.05689997
LMST04040011_23-24,245.18,47.84202204,47.84202204,-6.209700261,-0.114288617,0.005077987,1.080176943,1.016691962,0.999023217,0.992749069,1.245889982,0.161257836,24.21208537,14.99886515,0.161373908,0,80.10838612,64.29899923,0.05688913
LMST04050019_13-14,201.09,36.52640735,36.52640735,-30.34604828,0.00210461,-0.05853854,1.020553158,0.895544016,0.882428608,0.993053288,1.427519279,0.185423557,18.16353798,11.53016409,0.185759157,1,74.19048008,49.96041951,0.076242784
LMST04050019_17-18,202.33,36.55220984,36.55220984,-30.77174674,-0.020112928,-0.062223784,1.007383789,0.86483965,0.864723618,0.99305109,1.419672924,0.185414601,18.16353798,11.57482228,0.185792016,1,80.6113017,50.00764815,0.075167372
LMST04060012_0-1,200.996,36.07880658,36.07880658,-9.0682009,0.003362836,0.027884027,0.774217481,0.801109684,0.763067618,0.993055229,1.459630808,0.185306752,18.349348,12.21695747,0.18571605,1,85.36526253,49.93217932,0.072011256
