,Alignment ID,Fill %,LMID,Average Mz,Theroy MZ,Average Rt(min),Pre RT,RT Score,Average CCS,Pre CCS,CCS Score,Area_mean,Area_std,Sample0_Match MSMS,Sample1_Match MSMS,Sample2_Match MSMS,Sample3_Match MSMS,Sample0_MSMS Score,Sample1_MSMS Score,Sample2_MSMS Score,Sample3_MSMS Score,Sample0_MS Area,Sample1_MS Area,Sample2_MS Area,Sample3_MS Area,Sample0_Final Score,Sample1_Final Score,Sample2_Final Score,Sample3_Final Score,Average_Final Score
116,8941.0,1.0,LMST01010066_12-13_0_0_ring,414.37231,414.37302,10.264,9.96,1.0,219.9865,221.347121,1.0,259948.3242,87715.7962,-2,365.32026,-1,365.32026,0.0,0.5,0.0,0.5,,39254.07,,28145.99,-1.0,0.8,-1.0,0.8,0.8
853,9191.0,1.0,LMST01010081_14-15_0_0_ring,416.38791,416.388669,10.079,10.01,1.0,217.675,221.3208256,0.571,621729.3438,153608.735,"385.346469,367.335909",367.335909,367.335909,367.335909,0.667,1.0,0.4,0.75,82184.17,60799.2,131588.1,81509.48,0.6952,0.8284,-1.0,0.7283999999999999,0.751
137,8930.0,1.0,LMST01010095_14-15_0_0_ring,414.37231,414.37302,8.345,9.06,0.9935650295671092,215.0598,217.4541627,0.824,320352.4023,101599.6928,"365.32026,383.33082","365.32026,383.33082","365.32026,383.33082","365.32026,383.33082",0.75,0.5,0.8,0.625,40404.55,65395.55,74963.52,37137.6,0.8283130059134219,0.7283130059134219,0.848313005913422,0.7783130059134219,0.796
868,9191.0,1.0,LMST01010096_12-13_0_0_ring,416.38791,416.388669,10.079,9.87,1.0,217.675,220.1217634,0.819,621729.3438,153608.735,"385.346469,367.335909",367.335909,367.335909,367.335909,0.667,1.0,0.4,0.75,82184.17,60799.2,131588.1,81509.48,0.7944,0.9276000000000001,0.6876,0.8276,0.809
883,9191.0,1.0,LMST01010097_11-12_0_0_ring,416.38791,416.388669,10.079,9.86,1.0,217.675,219.0715714,1.0,621729.3438,153608.735,"385.346469,367.335909",367.335909,367.335909,367.335909,0.667,1.0,0.4,0.75,82184.17,60799.2,131588.1,81509.48,0.8668,1.0,0.76,0.9,0.882
1548,10391.0,1.0,LMST01010136_13-14_0_0_ring,430.40387,430.404318,10.655,13.28,0.08169443751599859,220.3871,221.4504758,1.0,9534155.25,2625203.6557,"381.351558,399.362118","381.351558,399.362118","381.351558,399.362118","381.351558,399.362118",0.444,0.5,0.857,0.571,1694518.0,2560546.0,2581264.0,1445391.0,-1.0,0.6163388875031998,0.7591388875031997,0.6447388875031997,0.673
1620,11103.0,1.0,LMST01010143_1-3_0_0_chain,442.40549,442.404318,8.613,9.08,1.0,227.2283,230.6722486,0.642,2927290.5938,1055848.738,400.35737,400.35737,400.35737,"400.35737,382.34681",0.75,0.667,0.667,0.636,410311.6,460681.1,841341.3,429138.9,0.7568,0.7236,0.7236,0.7112,0.729
1628,11103.0,1.0,LMST01010176_1-3_0_0_chain,442.40549,442.404318,8.613,6.24,0.20287866780235964,227.2283,224.4614007,0.763,2927290.5938,1055848.738,400.35737,400.35737,400.35737,"400.35737,382.34681",0.75,0.667,0.667,0.636,410311.6,460681.1,841341.3,429138.9,0.645775733560472,0.612575733560472,0.612575733560472,0.600175733560472,0.618
1098,10223.0,1.0,LMST01010202_1-3_0_0_chain,428.38739,428.388669,7.401,7.06,1.0,220.2721,221.8522029,1.0,888200.2578,656947.7173,386.34172,386.34172,-1,386.34172,0.833,0.75,0.0,0.625,183502.2,322513.1,,176229.6,0.9332,0.9,-1.0,0.8500000000000001,0.894
1092,10225.0,1.0,LMST01010202_12-13_0_0_ring,428.38739,428.388669,8.459,9.82,0.6848345260708087,223.7173,224.7016175,1.0,2902393.75,1137250.0832,"379.335909,397.346469","379.335909,397.346469","379.335909,397.346469",397.346469,0.182,0.25,0.286,0.143,412161.7,776502.2,840338.3,395988.0,0.6097669052141618,0.6369669052141618,0.6513669052141617,-1.0,0.633
167,8931.0,1.0,LMST01010206_12-13_0_0_ring,414.37231,414.37302,8.345,9.93,0.5793493378668613,219.9131,222.1238231,0.873,320352.4023,101599.6928,-1,365.32026,"365.32026,383.33082",365.32026,0.0,0.333,1.0,0.5,,21457.65,20319.2,9931.953,-1.0,-1.0,0.8650698675733723,0.6650698675733723,0.765
1888,11240.0,1.0,LMST01010207_12-13_0_0_ring,444.42126,444.419967,10.993,9.82,0.7740931502803794,225.0784,225.2386127,1.0,3181862.4375,873863.3764,"395.367207,413.377767",395.367207,"395.367207,413.377767","395.367207,413.377767",0.182,0.286,0.429,0.571,523395.4,819970.9,847109.1,495813.5,0.6276186300560759,0.6692186300560758,0.7264186300560759,0.783218630056076,0.702
1889,11240.0,1.0,LMST01010225_12-13_0_0_ring,444.42126,444.419967,10.993,9.78,0.7551618632151247,225.0784,225.7201678,1.0,3181862.4375,873863.3764,"395.367207,413.377767",395.367207,"395.367207,413.377767","395.367207,413.377767",0.182,0.286,0.429,0.571,523395.4,819970.9,847109.1,495813.5,0.6238323726430249,0.6654323726430249,0.7226323726430249,0.779432372643025,0.698
201,8941.0,1.0,LMST01010242_12-13_0_0_ring,414.37231,414.37302,10.264,9.94,1.0,219.9865,219.6099936,1.0,259948.3242,87715.7962,-2,365.32026,-1,365.32026,0.0,0.5,0.0,0.5,,39254.07,,28145.99,-1.0,0.8,-1.0,0.8,0.8
216,8941.0,1.0,LMST01010242_25-26_0_0_ring,414.37231,414.37302,10.264,9.99,1.0,219.9865,219.2960279,1.0,259948.3242,87715.7962,-2,365.32026,-1,365.32026,0.0,0.5,0.0,0.5,,39254.07,,28145.99,-1.0,0.8,-1.0,0.8,0.8
231,8941.0,1.0,LMST01010247_12-13_0_0_ring,414.37231,414.37302,10.264,10.09,1.0,219.9865,218.4723444,1.0,259948.3242,87715.7962,-2,365.32026,-1,365.32026,0.0,0.5,0.0,0.5,,39254.07,,28145.99,-1.0,0.8,-1.0,0.8,0.8
246,8941.0,1.0,LMST01010247_14-15_0_0_ring,414.37231,414.37302,10.264,10.15,1.0,219.9865,219.376368,1.0,259948.3242,87715.7962,-2,365.32026,-1,365.32026,0.0,0.5,0.0,0.5,,39254.07,,28145.99,-1.0,0.8,-1.0,0.8,0.8
1632,11103.0,1.0,LMST01010277_10-11_0_0_ring,442.40549,442.404318,8.613,9.84,0.747724143610609,227.2283,226.3608753,1.0,2927290.5938,1055848.738,393.351558,411.362118,393.351558,"393.351558,411.362118",0.5,0.083,0.111,0.182,410311.6,460681.1,841341.3,429138.9,0.7495448287221218,-1.0,-1.0,0.6223448287221218,0.686
258,8930.0,1.0,LMST01010286_14-15_0_0_ring,414.37231,414.37302,8.345,9.23,0.911589500152981,215.0598,214.5314322,1.0,320352.4023,101599.6928,"365.32026,383.33082","365.32026,383.33082","365.32026,383.33082","365.32026,383.33082",0.75,0.5,0.8,0.625,40404.55,65395.55,74963.52,37137.6,0.8823179000305963,0.7823179000305962,0.9023179000305963,0.8323179000305962,0.85
910,9187.0,1.0,LMST01010290_9-10_0_0_ring,416.38791,416.388669,8.7,9.9,0.7598751962225478,223.7684,223.5290505,1.0,553376.3672,217280.5756,367.335909,-1,367.335909,367.335909,0.25,0.0,0.5,0.25,72566.7,,153411.5,71479.77,0.6519750392445096,-1.0,0.7519750392445096,0.6519750392445096,0.685
1639,11103.0,1.0,LMST01010304_16-17_0_0_ring,442.40549,442.404318,8.613,8.44,1.0,227.2283,229.013081,0.973,2927290.5938,1055848.738,393.351558,411.362118,393.351558,"393.351558,411.362118",0.5,0.083,0.111,0.182,410311.6,460681.1,841341.3,429138.9,0.7892,0.6224000000000001,0.6335999999999999,0.662,0.677
1642,11103.0,1.0,LMST01010304_2-4_0_0_chain,442.40549,442.404318,8.613,8.58,1.0,227.2283,227.3668077,1.0,2927290.5938,1055848.738,386.34172,"368.33116,386.34172","368.33116,386.34172","368.33116,386.34172",0.5,0.333,0.667,0.455,410311.6,460681.1,841341.3,429138.9,0.8,0.7332000000000001,0.8668,0.782,0.796
1645,11103.0,1.0,LMST01010305_16-17_0_0_ring,442.40549,442.404318,8.613,8.32,1.0,227.2283,229.013081,0.973,2927290.5938,1055848.738,393.351558,411.362118,393.351558,"393.351558,411.362118",0.5,0.083,0.111,0.182,410311.6,460681.1,841341.3,429138.9,0.7892,0.6224000000000001,0.6335999999999999,0.662,0.677
1648,11103.0,1.0,LMST01010305_2-4_0_0_chain,442.40549,442.404318,8.613,8.58,1.0,227.2283,227.3668077,1.0,2927290.5938,1055848.738,386.34172,"368.33116,386.34172","368.33116,386.34172","368.33116,386.34172",0.5,0.333,0.667,0.455,410311.6,460681.1,841341.3,429138.9,0.8,0.7332000000000001,0.8668,0.782,0.796
1890,11240.0,1.0,LMST01010306_16-17_0_0_ring,444.42126,444.419967,10.993,9.93,0.825116556588887,225.0784,225.2769883,1.0,3181862.4375,873863.3764,"395.367207,413.377767",395.367207,"395.367207,413.377767","395.367207,413.377767",0.182,0.286,0.429,0.571,523395.4,819970.9,847109.1,495813.5,0.6378233113177775,0.6794233113177774,0.7366233113177775,0.7934233113177774,0.712
275,8930.0,1.0,LMST01010317_14-15_0_0_ring,414.37231,414.37302,8.345,9.06,0.9921119859759213,215.0598,217.4541627,0.824,320352.4023,101599.6928,"365.32026,383.33082","365.32026,383.33082","365.32026,383.33082","365.32026,383.33082",0.75,0.5,0.8,0.625,40404.55,65395.55,74963.52,37137.6,0.8280223971951843,0.7280223971951842,0.8480223971951844,0.7780223971951843,0.796
1556,10391.0,1.0,LMST01010330_24-25_0_0_ring,430.40387,430.404318,10.655,12.75,0.33341983917630713,220.3871,221.1968312,1.0,9534155.25,2625203.6557,"381.351558,399.362118","381.351558,399.362118","381.351558,399.362118","381.351558,399.362118",0.444,0.5,0.857,0.571,1694518.0,2560546.0,2581264.0,1445391.0,0.6442839678352614,0.6666839678352614,0.8094839678352614,0.6950839678352614,0.704
1891,11240.0,1.0,LMST01010331_25-26_0_0_ring,444.42126,444.419967,10.993,9.68,0.7063726308809414,225.0784,224.5578767,1.0,3181862.4375,873863.3764,"395.367207,413.377767",395.367207,"395.367207,413.377767","395.367207,413.377767",0.182,0.286,0.429,0.571,523395.4,819970.9,847109.1,495813.5,0.6140745261761883,0.6556745261761883,0.7128745261761883,0.7696745261761883,0.688
329,8931.0,1.0,LMST01010350_14-15_0_0_ring,414.37231,414.37302,8.345,8.44,1.0,219.9131,218.1944338,0.969,320352.4023,101599.6928,-1,365.32026,"365.32026,383.33082",365.32026,0.0,0.333,1.0,0.5,,21457.65,20319.2,9931.953,-1.0,0.7208000000000001,0.9876,0.7876000000000001,0.832
345,8931.0,1.0,LMST01010351_13-14_0_0_ring,414.37231,414.37302,8.345,9.39,0.8337233014152914,219.9131,218.8491891,1.0,320352.4023,101599.6928,-1,365.32026,"365.32026,383.33082",365.32026,0.0,0.333,1.0,0.5,,21457.65,20319.2,9931.953,-1.0,0.6999446602830584,0.9667446602830584,0.7667446602830583,0.811
1134,10225.0,1.0,LMST01010400_2-3_0_0_ring,428.38739,428.388669,8.459,8.08,1.0,223.7173,223.6652127,1.0,2902393.75,1137250.0832,"379.335909,397.346469","379.335909,397.346469","379.335909,397.346469",397.346469,0.182,0.25,0.286,0.143,412161.7,776502.2,840338.3,395988.0,0.6728000000000001,0.7000000000000001,0.7144,0.6572,0.686
2722,21244.0,1.0,LMST01020003_8-9_0_0_chain,680.63568,680.63397,19.805,20.51,0.996729777325027,288.668,285.8466307,0.876,2186658.7188,636765.1923,"312.28969,369.35156",312.28969,"312.28969,369.35156,186.14884,554.49313","312.28969,369.35156,554.49313",0.667,1.0,0.8,0.571,304097.8,578601.4,691610.5,350075.0,0.8165459554650055,0.9497459554650055,0.8697459554650055,0.7781459554650054,0.854
2730,21354.0,1.0,LMST01020007_25-26_0_0_ring,682.65082,682.649619,23.026,21.03,0.38124691779990827,287.247,291.5336483,0.653,43441.9287,8110.6287,398.37811,-1,398.37811,-2,1.0,0.0,1.0,0.0,16908.01,,31795.03,,0.7374493835599818,-1.0,0.7374493835599818,-1.0,0.737
2699,21169.0,1.0,LMST01020008_8-9_0_0_chain,678.61938,678.618321,20.455,21.22,0.971135536990104,289.5973,289.56432,1.0,1623142.75,924787.0371,310.27404,"369.35156,310.27404","369.35156,186.14884",554.49313,1.0,1.0,1.0,1.0,444300.0,917831.8,1004998.0,520850.8,0.9942271073980209,0.9942271073980209,0.9942271073980209,0.9942271073980209,0.994
2744,21963.0,1.0,LMST01020014_11-12_0_0_chain,702.62164,702.618321,20.347,21.89,0.5991922460317465,293.7438,298.1234117,0.653,843330.543,864873.1573,369.35156,369.35156,369.35156,-1,1.0,1.0,0.667,0.0,184239.4,338618.3,396606.1,,0.7810384492063494,0.7810384492063494,0.6478384492063494,-1.0,0.737
2747,21963.0,1.0,LMST01020014_14-15_0_0_chain,702.62164,702.618321,20.347,21.91,0.5873359206349225,293.7438,297.8690999,0.692,843330.543,864873.1573,369.35156,369.35156,369.35156,-1,1.0,1.0,0.667,0.0,184239.4,338618.3,396606.1,,0.7942671841269846,0.7942671841269846,0.6610671841269845,-1.0,0.75
2752,21963.0,1.0,LMST01020014_5-6_0_0_chain,702.62164,702.618321,20.347,21.87,0.6078379206349216,293.7438,297.1982318,0.795,843330.543,864873.1573,369.35156,369.35156,369.35156,-1,1.0,1.0,0.667,0.0,184239.4,338618.3,396606.1,,0.8395675841269844,0.8395675841269844,0.7063675841269844,-1.0,0.795
2755,21963.0,1.0,LMST01020014_8-9_0_0_chain,702.62164,702.618321,20.347,21.88,0.6056677857142863,293.7438,297.1548339,0.802,843330.543,864873.1573,369.35156,369.35156,369.35156,-1,1.0,1.0,0.667,0.0,184239.4,338618.3,396606.1,,0.8419335571428572,0.8419335571428572,0.7087335571428572,-1.0,0.798
1138,10225.0,1.0,LMST01030094_13-14_0_0_ring,428.38739,428.388669,8.459,8.75,1.0,223.7173,221.0744511,0.78,2902393.75,1137250.0832,"379.335909,397.346469","379.335909,397.346469","379.335909,397.346469",397.346469,0.182,0.25,0.286,0.143,412161.7,776502.2,840338.3,395988.0,-1.0,0.6120000000000001,0.6264000000000001,-1.0,0.619
1162,10225.0,1.0,LMST01030098_15-16_0_0_ring,428.38739,428.388669,8.459,8.96,1.0,223.7173,221.4158853,0.852,2902393.75,1137250.0832,"379.335909,397.346469","379.335909,397.346469","379.335909,397.346469",397.346469,0.182,0.25,0.286,0.143,412161.7,776502.2,840338.3,395988.0,0.6136,0.6408,0.6552,-1.0,0.637
1178,10225.0,1.0,LMST01030099_12-13_0_0_ring,428.38739,428.388669,8.459,8.86,1.0,223.7173,222.6265599,1.0,2902393.75,1137250.0832,"379.335909,397.346469","379.335909,397.346469","379.335909,397.346469",397.346469,0.182,0.25,0.286,0.143,412161.7,776502.2,840338.3,395988.0,0.6728000000000001,0.7000000000000001,0.7144,0.6572,0.686
1658,11103.0,1.0,LMST01030104_12-13_0_0_ring,442.40549,442.404318,8.613,8.95,1.0,227.2283,226.3502908,1.0,2927290.5938,1055848.738,393.351558,411.362118,393.351558,"393.351558,411.362118",0.5,0.083,0.111,0.182,410311.6,460681.1,841341.3,429138.9,0.8,0.6332,0.6444000000000001,0.6728000000000001,0.688
1184,10223.0,1.0,LMST01030109_1-2_0_0_chain,428.38739,428.388669,7.401,7.85,1.0,220.2721,223.0503844,0.757,888200.2578,656947.7173,358.31042,"340.29986,358.31042",-1,358.31042,0.833,0.625,0.0,0.75,183502.2,322513.1,,176229.6,0.8360000000000001,0.7528,-1.0,0.8028,0.797
1189,10225.0,1.0,LMST01030109_12-13_0_0_ring,428.38739,428.388669,8.459,8.77,1.0,223.7173,222.7959793,1.0,2902393.75,1137250.0832,"379.335909,397.346469","379.335909,397.346469","379.335909,397.346469",397.346469,0.182,0.25,0.286,0.143,412161.7,776502.2,840338.3,395988.0,0.6728000000000001,0.7000000000000001,0.7144,0.6572,0.686
1196,10225.0,1.0,LMST01030110_1-3_0_0_chain,428.38739,428.388669,8.459,7.0,0.6369273557846922,223.7173,225.755023,0.915,2902393.75,1137250.0832,"368.33116,386.34172",386.34172,"368.33116,386.34172","368.33116,386.34172",0.273,0.5,0.714,0.714,412161.7,776502.2,840338.3,395988.0,0.6025854711569385,0.6933854711569385,0.7789854711569385,0.7789854711569385,0.713
1199,10225.0,1.0,LMST01030110_15-16_0_0_ring,428.38739,428.388669,8.459,7.06,0.6662682682088819,223.7173,223.8768077,1.0,2902393.75,1137250.0832,"379.335909,397.346469","379.335909,397.346469","379.335909,397.346469",397.346469,0.182,0.25,0.286,0.143,412161.7,776502.2,840338.3,395988.0,0.6060536536417764,0.6332536536417764,0.6476536536417764,-1.0,0.629
1208,10225.0,1.0,LMST01030111_15-16_0_0_ring,428.38739,428.388669,8.459,8.79,1.0,223.7173,222.3383508,1.0,2902393.75,1137250.0832,"379.335909,397.346469","379.335909,397.346469","379.335909,397.346469",397.346469,0.182,0.25,0.286,0.143,412161.7,776502.2,840338.3,395988.0,0.6728000000000001,0.7000000000000001,0.7144,0.6572,0.686
1214,10223.0,1.0,LMST01030114_15-16_0_0_ring,428.38739,428.388669,7.401,7.9,1.0,220.2721,221.4158853,1.0,888200.2578,656947.7173,397.346469,397.346469,-1,-1,0.333,0.125,0.0,0.0,183502.2,322513.1,,,0.7332000000000001,0.65,-1.0,-1.0,0.692
1251,10225.0,1.0,LMST01030137_11-12_0_0_ring,428.38739,428.388669,8.459,8.88,1.0,223.7173,221.0224271,0.769,2902393.75,1137250.0832,"379.335909,397.346469","379.335909,397.346469","379.335909,397.346469",397.346469,0.182,0.25,0.286,0.143,412161.7,776502.2,840338.3,395988.0,-1.0,0.6076000000000001,0.6220000000000001,-1.0,0.615
1257,10223.0,1.0,LMST01030137_4-5_0_0_chain,428.38739,428.388669,7.401,8.99,0.5753867981257437,220.2721,220.9396197,1.0,888200.2578,656947.7173,358.31042,"340.29986,358.31042",-1,358.31042,0.833,0.625,0.0,0.75,183502.2,322513.1,,176229.6,0.8482773596251487,0.7650773596251488,-1.0,0.8150773596251488,0.809
1666,11103.0,1.0,LMST01030138_16-17_0_0_ring,442.40549,442.404318,8.613,9.09,1.0,227.2283,225.1089629,0.897,2927290.5938,1055848.738,393.351558,411.362118,393.351558,"393.351558,411.362118",0.5,0.083,0.111,0.182,410311.6,460681.1,841341.3,429138.9,0.7588,-1.0,0.6032,0.6316,0.665
1893,11240.0,1.0,LMST01030140_14-15_0_0_ring,444.42126,444.419967,10.993,9.98,0.8491941012823536,225.0784,228.4295705,0.654,3181862.4375,873863.3764,"395.367207,413.377767",395.367207,"395.367207,413.377767","395.367207,413.377767",0.182,0.286,0.429,0.571,523395.4,819970.9,847109.1,495813.5,-1.0,-1.0,0.6030388202564707,0.6598388202564707,0.631
1269,10225.0,1.0,LMST01031024_13-14_0_0_ring,428.38739,428.388669,8.459,8.79,1.0,223.7173,221.0744511,0.78,2902393.75,1137250.0832,"379.335909,397.346469","379.335909,397.346469","379.335909,397.346469",397.346469,0.182,0.25,0.286,0.143,412161.7,776502.2,840338.3,395988.0,-1.0,0.6120000000000001,0.6264000000000001,-1.0,0.619
1280,10225.0,1.0,LMST01031027_13-14_0_0_ring,428.38739,428.388669,8.459,9.71,0.7394389758157112,223.7173,222.1764665,1.0,2902393.75,1137250.0832,"379.335909,397.346469","379.335909,397.346469","379.335909,397.346469",397.346469,0.182,0.25,0.286,0.143,412161.7,776502.2,840338.3,395988.0,0.6206877951631422,0.6478877951631423,0.6622877951631423,0.6050877951631423,0.634
1287,10225.0,1.0,LMST01031027_15-16_0_0_ring,428.38739,428.388669,8.459,10.2,0.5041032327970942,223.7173,223.0330852,1.0,2902393.75,1137250.0832,"379.335909,397.346469","379.335909,397.346469","379.335909,397.346469",397.346469,0.182,0.25,0.286,0.143,412161.7,776502.2,840338.3,395988.0,-1.0,0.6008206465594189,0.6152206465594189,-1.0,0.608
1298,10225.0,1.0,LMST01031028_15-16_0_0_ring,428.38739,428.388669,8.459,9.92,0.6357369260643729,223.7173,222.3383508,1.0,2902393.75,1137250.0832,"379.335909,397.346469","379.335909,397.346469","379.335909,397.346469",397.346469,0.182,0.25,0.286,0.143,412161.7,776502.2,840338.3,395988.0,-1.0,0.6271473852128746,0.6415473852128746,-1.0,0.634
1682,11103.0,1.0,LMST01031034_12-13_0_0_ring,442.40549,442.404318,8.613,9.72,0.8074862911735434,227.2283,226.0093498,1.0,2927290.5938,1055848.738,393.351558,411.362118,393.351558,"393.351558,411.362118",0.5,0.083,0.111,0.182,410311.6,460681.1,841341.3,429138.9,0.7614972582347087,-1.0,0.6058972582347087,0.6342972582347087,0.667
1688,11103.0,1.0,LMST01031036_16-17_0_0_ring,442.40549,442.404318,8.613,9.17,1.0,227.2283,226.4829652,1.0,2927290.5938,1055848.738,393.351558,411.362118,393.351558,"393.351558,411.362118",0.5,0.083,0.111,0.182,410311.6,460681.1,841341.3,429138.9,0.8,0.6332,0.6444000000000001,0.6728000000000001,0.688
368,8930.0,1.0,LMST01031048_14-15_0_0_ring,414.37231,414.37302,8.345,8.35,1.0,215.0598,217.2845307,0.859,320352.4023,101599.6928,"365.32026,383.33082","365.32026,383.33082","365.32026,383.33082","365.32026,383.33082",0.75,0.5,0.8,0.625,40404.55,65395.55,74963.52,37137.6,0.8436,0.7436,0.8636,0.7936000000000001,0.811
402,8930.0,1.0,LMST01031049_14-15_0_0_ring,414.37231,414.37302,8.345,9.42,0.8218297609704117,215.0598,217.2845307,0.859,320352.4023,101599.6928,"365.32026,383.33082","365.32026,383.33082","365.32026,383.33082","365.32026,383.33082",0.75,0.5,0.8,0.625,40404.55,65395.55,74963.52,37137.6,0.8079659521940824,0.7079659521940824,0.8279659521940824,0.7579659521940824,0.775
1717,11103.0,1.0,LMST01031083_11-12_0_0_ring,442.40549,442.404318,8.613,9.64,0.8465972557477036,227.2283,226.0975199,1.0,2927290.5938,1055848.738,393.351558,411.362118,393.351558,"393.351558,411.362118",0.5,0.083,0.111,0.182,410311.6,460681.1,841341.3,429138.9,0.7693194511495407,0.6025194511495408,0.6137194511495407,0.6421194511495407,0.657
1730,11103.0,1.0,LMST01040120_13-14_0_0_ring,442.40549,442.404318,8.613,9.78,0.7788066080417209,227.2283,225.6504074,1.0,2927290.5938,1055848.738,393.351558,411.362118,393.351558,"393.351558,411.362118",0.5,0.083,0.111,0.182,410311.6,460681.1,841341.3,429138.9,0.7557613216083442,-1.0,0.6001613216083442,0.6285613216083442,0.661
1736,11103.0,1.0,LMST01040121_13-14_0_0_ring,442.40549,442.404318,8.613,9.22,1.0,227.2283,226.7642429,1.0,2927290.5938,1055848.738,393.351558,411.362118,393.351558,"393.351558,411.362118",0.5,0.083,0.111,0.182,410311.6,460681.1,841341.3,429138.9,0.8,0.6332,0.6444000000000001,0.6728000000000001,0.688
1897,11240.0,1.0,LMST01040122_13-14_0_0_ring,444.42126,444.419967,10.993,10.07,0.894813115146095,225.0784,227.9732584,0.745,3181862.4375,873863.3764,"395.367207,413.377767",395.367207,"395.367207,413.377767","395.367207,413.377767",0.182,0.286,0.429,0.571,523395.4,819970.9,847109.1,495813.5,-1.0,-1.0,0.648562623029219,0.7053626230292189,0.677
1898,11240.0,1.0,LMST01040125_11-12_0_0_ring,444.42126,444.419967,10.993,9.51,0.6287773835802216,225.0784,225.6976412,1.0,3181862.4375,873863.3764,"395.367207,413.377767",395.367207,"395.367207,413.377767","395.367207,413.377767",0.182,0.286,0.429,0.571,523395.4,819970.9,847109.1,495813.5,-1.0,0.6401554767160443,0.6973554767160444,0.7541554767160443,0.697
1758,11103.0,1.0,LMST01040131_13-14_0_0_ring,442.40549,442.404318,8.613,7.8,0.9454357420420374,227.2283,229.1309209,0.949,2927290.5938,1055848.738,393.351558,411.362118,393.351558,"393.351558,411.362118",0.5,0.083,0.111,0.182,410311.6,460681.1,841341.3,429138.9,0.7686871484084075,0.6018871484084075,0.6130871484084075,0.6414871484084075,0.656
1761,11103.0,1.0,LMST01040131_2-27_0_0_chain,442.40549,442.404318,8.613,8.13,1.0,227.2283,227.2757223,1.0,2927290.5938,1055848.738,400.35737,400.35737,400.35737,"400.35737,382.34681",0.75,0.667,0.667,0.636,410311.6,460681.1,841341.3,429138.9,0.9,0.8668,0.8668,0.8544,0.872
1899,11240.0,1.0,LMST01040133_11-12_0_0_ring,444.42126,444.419967,10.993,9.32,0.5342955262513835,225.0784,225.6976412,1.0,3181862.4375,873863.3764,"395.367207,413.377767",395.367207,"395.367207,413.377767","395.367207,413.377767",0.182,0.286,0.429,0.571,523395.4,819970.9,847109.1,495813.5,-1.0,0.6212591052502767,0.6784591052502768,0.7352591052502767,0.678
1900,11240.0,1.0,LMST01040134_10-11_0_0_ring,444.42126,444.419967,10.993,9.62,0.6775566685964245,225.0784,225.588222,1.0,3181862.4375,873863.3764,"395.367207,413.377767",395.367207,"395.367207,413.377767","395.367207,413.377767",0.182,0.286,0.429,0.571,523395.4,819970.9,847109.1,495813.5,0.6083113337192849,0.6499113337192849,0.7071113337192849,0.7639113337192849,0.682
1765,11103.0,1.0,LMST01040136_11-12_0_0_ring,442.40549,442.404318,8.613,9.94,0.7004404415603663,227.2283,227.8401301,1.0,2927290.5938,1055848.738,393.351558,411.362118,393.351558,"393.351558,411.362118",0.5,0.083,0.111,0.182,410311.6,460681.1,841341.3,429138.9,0.7400880883120733,-1.0,-1.0,0.6128880883120733,0.676
1768,11103.0,1.0,LMST01040136_2-27_0_0_chain,442.40549,442.404318,8.613,8.08,1.0,227.2283,224.656202,0.803,2927290.5938,1055848.738,400.35737,400.35737,400.35737,"400.35737,382.34681",0.75,0.667,0.667,0.636,410311.6,460681.1,841341.3,429138.9,0.8212,0.788,0.788,0.7756000000000001,0.793
1901,11240.0,1.0,LMST01040141_11-12_0_0_ring,444.42126,444.419967,10.993,9.6,0.6699489407373094,225.0784,226.4692034,1.0,3181862.4375,873863.3764,"395.367207,413.377767",395.367207,"395.367207,413.377767","395.367207,413.377767",0.182,0.286,0.429,0.571,523395.4,819970.9,847109.1,495813.5,0.6067897881474619,0.6483897881474618,0.7055897881474619,0.7623897881474619,0.681
1784,11103.0,1.0,LMST01040142_13-14_0_0_ring,442.40549,442.404318,8.613,8.85,1.0,227.2283,226.9443251,1.0,2927290.5938,1055848.738,393.351558,411.362118,393.351558,"393.351558,411.362118",0.5,0.083,0.111,0.182,410311.6,460681.1,841341.3,429138.9,0.8,0.6332,0.6444000000000001,0.6728000000000001,0.688
1800,11103.0,1.0,LMST01040145_13-14_0_0_ring,442.40549,442.404318,8.613,9.24,1.0,227.2283,226.7642429,1.0,2927290.5938,1055848.738,393.351558,411.362118,393.351558,"393.351558,411.362118",0.5,0.083,0.111,0.182,410311.6,460681.1,841341.3,429138.9,0.8,0.6332,0.6444000000000001,0.6728000000000001,0.688
1804,11103.0,1.0,LMST01040154_11-12_0_0_ring,442.40549,442.404318,8.613,9.28,1.0,227.2283,228.6546149,1.0,2927290.5938,1055848.738,393.351558,411.362118,393.351558,"393.351558,411.362118",0.5,0.083,0.111,0.182,410311.6,460681.1,841341.3,429138.9,0.8,0.6332,0.6444000000000001,0.6728000000000001,0.688
1904,11240.0,1.0,LMST01040238_10-11_0_0_ring,444.42126,444.419967,10.993,9.4,0.5749005817345527,225.0784,225.588222,1.0,3181862.4375,873863.3764,"395.367207,413.377767",395.367207,"395.367207,413.377767","395.367207,413.377767",0.182,0.286,0.429,0.571,523395.4,819970.9,847109.1,495813.5,-1.0,0.6293801163469106,0.6865801163469105,0.7433801163469106,0.686
1822,11103.0,1.0,LMST01040255_13-14_0_0_ring,442.40549,442.404318,8.613,9.23,1.0,227.2283,226.7642429,1.0,2927290.5938,1055848.738,393.351558,411.362118,393.351558,"393.351558,411.362118",0.5,0.083,0.111,0.182,410311.6,460681.1,841341.3,429138.9,0.8,0.6332,0.6444000000000001,0.6728000000000001,0.688
2346,12607.0,1.0,LMST01050012_5-6_0_0_chain,470.43448,470.435616,9.516,9.78,1.0,233.3778,234.5647554,1.0,249598.7266,93546.8458,156.17467,-1,156.17467,-1,0.5,0.0,0.5,0.0,36369.68,,71333.73,,0.8,-1.0,0.8,-1.0,0.8
1833,11103.0,1.0,LMST01060007_16-17_0_0_ring,442.40549,442.404318,8.613,8.85,1.0,227.2283,225.1089629,0.897,2927290.5938,1055848.738,393.351558,411.362118,393.351558,"393.351558,411.362118",0.5,0.083,0.111,0.182,410311.6,460681.1,841341.3,429138.9,0.7588,-1.0,0.6032,0.6316,0.665
1317,10225.0,1.0,LMST01060009_15-16_0_0_ring,428.38739,428.388669,8.459,9.26,0.9519142322033951,223.7173,221.4331498,0.856,2902393.75,1137250.0832,"379.335909,397.346469","379.335909,397.346469","379.335909,397.346469",397.346469,0.182,0.25,0.286,0.143,412161.7,776502.2,840338.3,395988.0,0.6055828464406791,0.6327828464406791,0.647182846440679,-1.0,0.629
1324,10225.0,1.0,LMST01060010_15-16_0_0_ring,428.38739,428.388669,8.459,9.46,0.8547460946054087,223.7173,221.4331498,0.856,2902393.75,1137250.0832,"379.335909,397.346469","379.335909,397.346469","379.335909,397.346469",397.346469,0.182,0.25,0.286,0.143,412161.7,776502.2,840338.3,395988.0,-1.0,0.6133492189210819,0.6277492189210818,-1.0,0.621
1837,11103.0,1.0,LMST01110006_12-13_0_0_ring,442.40549,442.404318,8.613,9.68,0.8228609047943326,227.2283,227.7085962,1.0,2927290.5938,1055848.738,393.351558,411.362118,393.351558,"393.351558,411.362118",0.5,0.083,0.111,0.182,410311.6,460681.1,841341.3,429138.9,0.7645721809588666,-1.0,0.6089721809588665,0.6373721809588666,0.67
436,8931.0,1.0,LMST01110008_14-15_0_0_ring,414.37231,414.37302,8.345,9.37,0.8473919463355971,219.9131,221.3371633,1.0,320352.4023,101599.6928,-1,365.32026,"365.32026,383.33082",365.32026,0.0,0.333,1.0,0.5,,21457.65,20319.2,9931.953,-1.0,0.7026783892671195,0.9694783892671195,0.7694783892671195,0.814
1845,11103.0,1.0,LMST01110012_14-15_0_0_ring,442.40549,442.404318,8.613,9.31,1.0,227.2283,225.1380013,0.903,2927290.5938,1055848.738,393.351558,411.362118,393.351558,"393.351558,411.362118",0.5,0.083,0.111,0.182,410311.6,460681.1,841341.3,429138.9,0.7612000000000001,-1.0,0.6056,0.6340000000000001,0.667
574,8931.0,1.0,LMST03020222_1-2_0_0_ring,414.37231,414.37302,8.345,9.99,0.5501593557744021,219.9131,222.616508,0.771,320352.4023,101599.6928,-1,365.32026,"365.32026,383.33082",365.32026,0.0,0.333,1.0,0.5,,21457.65,20319.2,9931.953,-1.0,-1.0,0.8184318711548805,0.6184318711548804,0.718
591,8941.0,1.0,LMST03020222_5-6_0_0_ring,414.37231,414.37302,10.264,9.76,1.0,219.9865,223.5654112,0.592,259948.3242,87715.7962,-2,365.32026,-1,365.32026,0.0,0.5,0.0,0.5,,39254.07,,28145.99,-1.0,0.6368,-1.0,0.6368,0.637
597,8931.0,1.0,LMST03020223_1-2_0_0_ring,414.37231,414.37302,8.345,9.97,0.56028724361092,219.9131,222.616508,0.771,320352.4023,101599.6928,-1,365.32026,"365.32026,383.33082",365.32026,0.0,0.333,1.0,0.5,,21457.65,20319.2,9931.953,-1.0,-1.0,0.8204574487221841,0.620457448722184,0.72
614,8941.0,1.0,LMST03020223_5-6_0_0_ring,414.37231,414.37302,10.264,9.74,1.0,219.9865,223.5654112,0.592,259948.3242,87715.7962,-2,365.32026,-1,365.32026,0.0,0.5,0.0,0.5,,39254.07,,28145.99,-1.0,0.6368,-1.0,0.6368,0.637
620,8931.0,1.0,LMST03020224_1-2_0_0_ring,414.37231,414.37302,8.345,9.92,0.5830661625603762,219.9131,222.3686851,0.822,320352.4023,101599.6928,-1,365.32026,"365.32026,383.33082",365.32026,0.0,0.333,1.0,0.5,,21457.65,20319.2,9931.953,-1.0,-1.0,0.8454132325120752,0.6454132325120753,0.745
636,8941.0,1.0,LMST03020224_5-6_0_0_ring,414.37231,414.37302,10.264,9.82,1.0,219.9865,223.2661956,0.653,259948.3242,87715.7962,-2,365.32026,-1,365.32026,0.0,0.5,0.0,0.5,,39254.07,,28145.99,-1.0,0.6612,-1.0,0.6612,0.661
644,8941.0,1.0,LMST03020225_1-2_0_0_ring,414.37231,414.37302,10.264,9.72,1.0,219.9865,222.1013882,0.892,259948.3242,87715.7962,-2,365.32026,-1,365.32026,0.0,0.5,0.0,0.5,,39254.07,,28145.99,-1.0,0.7568,-1.0,0.7568,0.757
673,8941.0,1.0,LMST03020226_10-11_0_0_ring,414.37231,414.37302,10.264,9.81,1.0,219.9865,223.1777514,0.671,259948.3242,87715.7962,-2,365.32026,-1,365.32026,0.0,0.5,0.0,0.5,,39254.07,,28145.99,-1.0,0.6684000000000001,-1.0,0.6684000000000001,0.668
695,8941.0,1.0,LMST03020227_4-5_0_0_ring,414.37231,414.37302,10.264,9.98,1.0,219.9865,221.6868712,0.978,259948.3242,87715.7962,-2,365.32026,-1,365.32026,0.0,0.5,0.0,0.5,,39254.07,,28145.99,-1.0,0.7912,-1.0,0.7912,0.791
708,8941.0,1.0,LMST03020228_1-2_0_0_ring,414.37231,414.37302,10.264,10.06,1.0,219.9865,219.4082207,1.0,259948.3242,87715.7962,-2,365.32026,-1,365.32026,0.0,0.5,0.0,0.5,,39254.07,,28145.99,-1.0,0.8,-1.0,0.8,0.8
744,8941.0,1.0,LMST03020229_1-2_0_0_ring,414.37231,414.37302,10.264,10.06,1.0,219.9865,219.4082207,1.0,259948.3242,87715.7962,-2,365.32026,-1,365.32026,0.0,0.5,0.0,0.5,,39254.07,,28145.99,-1.0,0.8,-1.0,0.8,0.8
978,9187.0,1.0,LMST03020308_1-2_0_0_ring,416.38791,416.388669,8.7,10.05,0.6906496436198586,223.7684,222.3745425,1.0,553376.3672,217280.5756,367.335909,-1,367.335909,367.335909,0.25,0.0,0.5,0.25,72566.7,,153411.5,71479.77,0.6381299287239718,-1.0,0.7381299287239718,0.6381299287239718,0.671
1389,10225.0,1.0,LMST03020333_1-2_0_0_ring,428.38739,428.388669,8.459,9.94,0.6272941181310041,223.7173,222.5417572,1.0,2902393.75,1137250.0832,"379.335909,397.346469","379.335909,397.346469","379.335909,397.346469",397.346469,0.182,0.25,0.286,0.143,412161.7,776502.2,840338.3,395988.0,-1.0,0.6254588236262009,0.6398588236262008,-1.0,0.633
1401,10225.0,1.0,LMST03020333_6-7_0_0_ring,428.38739,428.388669,8.459,9.72,0.7309086319730542,223.7173,223.4403289,1.0,2902393.75,1137250.0832,"379.335909,397.346469","379.335909,397.346469","379.335909,397.346469",397.346469,0.182,0.25,0.286,0.143,412161.7,776502.2,840338.3,395988.0,0.6189817263946109,0.6461817263946109,0.6605817263946109,0.6033817263946109,0.632
1417,10225.0,1.0,LMST03020334_8-9_0_0_chain,428.38739,428.388669,8.459,9.75,0.7200938796705985,223.7173,224.221775,1.0,2902393.75,1137250.0832,-1,-1,304.29986,304.29986,0.0,0.0,0.143,0.143,,,840338.3,395988.0,-1.0,-1.0,0.6012187759341197,0.6012187759341197,0.601
1433,10225.0,1.0,LMST03020335_8-9_0_0_chain,428.38739,428.388669,8.459,9.75,0.7200938796705985,223.7173,224.221775,1.0,2902393.75,1137250.0832,-1,-1,304.29986,304.29986,0.0,0.0,0.143,0.143,,,840338.3,395988.0,-1.0,-1.0,0.6012187759341197,0.6012187759341197,0.601
1462,10225.0,1.0,LMST03060001_9-10_0_0_chain,428.38739,428.388669,8.459,9.35,0.9072645859843024,223.7173,224.7895001,1.0,2902393.75,1137250.0832,-1,292.29986,292.29986,-1,0.0,0.125,0.143,0.0,,776502.2,840338.3,,-1.0,0.6314529171968606,0.6386529171968605,-1.0,0.635
1468,10225.0,1.0,LMST03060002_13-14_0_0_ring,428.38739,428.388669,8.459,9.49,0.8446027883037901,223.7173,222.1764665,1.0,2902393.75,1137250.0832,"379.335909,397.346469","379.335909,397.346469","379.335909,397.346469",397.346469,0.182,0.25,0.286,0.143,412161.7,776502.2,840338.3,395988.0,0.6417205576607581,0.6689205576607581,0.683320557660758,0.626120557660758,0.655
1475,10225.0,1.0,LMST03060002_15-16_0_0_ring,428.38739,428.388669,8.459,9.65,0.7666902209891002,223.7173,223.0330852,1.0,2902393.75,1137250.0832,"379.335909,397.346469","379.335909,397.346469","379.335909,397.346469",397.346469,0.182,0.25,0.286,0.143,412161.7,776502.2,840338.3,395988.0,0.62613804419782,0.65333804419782,0.66773804419782,0.6105380441978201,0.639
